/*
SQLyog Ultimate v11.33 (64 bit)
MySQL - 10.4.22-MariaDB : Database - senosoft_senoapm_myxl_lo
*********************************************************************
*/

/*!40101 SET NAMES utf8 */;

/*!40101 SET SQL_MODE=''*/;

/*!40014 SET @OLD_UNIQUE_CHECKS=@@UNIQUE_CHECKS, UNIQUE_CHECKS=0 */;
/*!40014 SET @OLD_FOREIGN_KEY_CHECKS=@@FOREIGN_KEY_CHECKS, FOREIGN_KEY_CHECKS=0 */;
/*!40101 SET @OLD_SQL_MODE=@@SQL_MODE, SQL_MODE='NO_AUTO_VALUE_ON_ZERO' */;
/*!40111 SET @OLD_SQL_NOTES=@@SQL_NOTES, SQL_NOTES=0 */;
CREATE DATABASE /*!32312 IF NOT EXISTS*/`senosoft_senoapm_myxl_lo` /*!40100 DEFAULT CHARACTER SET utf8 COLLATE utf8_unicode_ci */;

USE `senosoft_senoapm_myxl_lo`;

/*Data for the table `tb_alias` */

/*Data for the table `tb_apm_client` */

insert  into `tb_apm_client`(`id`,`name`,`application`,`location_id`,`operator_id`,`published`) values (1,'Raspi Coding','jenius',1,1,0),(2,'Laptop Aris','',3,0,1),(3,'Virtual Raspi','jenius',2,0,0),(4,'Raspi Riset iOs','myXL',3,0,1),(5,'Jakarta - Raspi 1','myXL',2,3,1),(6,'Jakarta - Raspi 2','myXL',2,3,1),(7,'PC Aris','',3,0,0),(8,'Raspi Surabaya - 1','myXL',1,3,1);

/*Data for the table `tb_apm_client_device` */

insert  into `tb_apm_client_device`(`id`,`apm_client_id`,`device_id`,`appium_port`,`published`) values (6,2,1,4723,1),(7,1,2,4723,1),(8,3,3,0,1),(9,1,4,4724,0),(10,2,9,8100,1),(11,4,1,1234,0),(12,5,7,1234,0),(13,5,8,2222,1),(14,4,6,8300,1),(15,7,9,8100,1),(16,5,10,1111,1),(17,6,11,3333,1),(18,6,12,8100,1),(19,8,13,1111,1),(20,8,2,2222,1);

/*Data for the table `tb_device` */

insert  into `tb_device`(`id`,`phone_number`,`device_name`,`udid`,`platform_name`,`platform_version`,`application`,`remarks`,`location_id`,`operator_id`,`published`,`status`,`status_final`,`status_time`,`app_version`,`params`,`status_run`,`status_run_final`,`status_run_time`) values (1,'081213525774','Galaxy A51','RR8N30023QM','android','10','jenius','',2,1,0,0,0,'2021-03-31 08:50:02','','[{\"name\":\"xl\",\"value\":\"081906456717\"},{\"name\":\"nominal\",\"value\":\"5000\"},{\"name\":\"column1\",\"value\":\"4023\"},{\"name\":\"column2\",\"value\":\"2161\"},{\"name\":\"column3\",\"value\":\"7864\"},{\"name\":\"column4\",\"value\":\"8491\"},{\"name\":\"addnumber\",\"value\":\"087884076820\"}]',0,0,NULL),(2,'087760557620','Galaxy A10','RR8M50YAXCY','android','10','myXL','test',1,3,0,0,0,'2021-10-01 15:15:01','','[{\"name\":\"xl\",\"value\":\"081992349963\"},{\"name\":\"column4\",\"value\":\"8491\"},{\"name\":\"nominal\",\"value\":\"5000\"},{\"name\":\"column1\",\"value\":\"4023\"},{\"name\":\"column2\",\"value\":\"2161\"},{\"name\":\"column3\",\"value\":\"7864\"},{\"name\":\"addnumber\",\"value\":\"081992349963\"},{\"name\":\"xl1\",\"value\":\"087760557620\"}]',0,0,NULL),(5,'085641202454','Redmi Note 9 Pro','3cc46639','android','10','jenius','',2,2,0,0,0,'2021-03-11 12:30:03','','[{\"name\":\"pin\",\"value\":\"147896\"},{\"name\":\"pln\",\"value\":\"32019637886\"},{\"name\":\"jenius\",\"value\":\"90180111154\"},{\"name\":\"bca\",\"value\":\"4730746534\"},{\"name\":\"mandiri\",\"value\":\"1270005147408\"}]',0,0,NULL),(6,'087713435801','iPhone 11 Riset','00008030001064C00ED8402E','ios','15.1','myXL','',3,3,0,0,0,'2022-01-10 15:40:01','','[{\"name\":\"xl\",\"value\":\"081906456717\"},{\"name\":\"nominal\",\"value\":\"5000\"},{\"name\":\"column1\",\"value\":\"1012\"},{\"name\":\"column2\",\"value\":\"2100\"},{\"name\":\"column3\",\"value\":\"0189\"},{\"name\":\"column4\",\"value\":\"0815\"},{\"name\":\"addnumber\",\"value\":\"087884076820\"}]',0,0,NULL),(7,'081992349961','Handset Samsung A32','RR8R700PJMN','android','11','myXL','',2,3,0,0,0,'2021-09-22 17:00:01','','[{\"name\":\"xl\",\"value\":\"081906456717\"},{\"name\":\"nominal\",\"value\":\"5000\"},{\"name\":\"column1\",\"value\":\"4023\"},{\"name\":\"column2\",\"value\":\"2161\"},{\"name\":\"column3\",\"value\":\"7864\"},{\"name\":\"column4\",\"value\":\"8491\"},{\"name\":\"addnumber\",\"value\":\"081992349963\"},{\"name\":\"number1\",\"value\":\"081992349961\"}]',0,0,NULL),(8,'081992349961','Samsung A51 - Raspi 1 Handset 1','RR8NB0351FN','android','10','myXL','',2,3,1,0,1,'2022-01-31 01:28:53','','[{\"name\":\"xl\",\"value\":\"087884076820\"},{\"name\":\"nominal\",\"value\":\"5000\"},{\"name\":\"column1\",\"value\":\"1012\"},{\"name\":\"column2\",\"value\":\"2100\"},{\"name\":\"column3\",\"value\":\"0189\"},{\"name\":\"column4\",\"value\":\"0815\"},{\"name\":\"addnumber\",\"value\":\"087884076820\"},{\"name\":\"number1\",\"value\":\"081992349961\"},{\"name\":\"\",\"value\":\"\"}]',0,0,NULL),(9,'087713435801','iPhone Xs Max Riset','00008020000930860C6A002E','ios','15.1','myXL','',3,3,0,0,0,'2022-01-15 02:00:01','','[{\"name\":\"xl\",\"value\":\"081906456717\"},{\"name\":\"nominal\",\"value\":\"5000\"},{\"name\":\"column1\",\"value\":\"1012\"},{\"name\":\"column2\",\"value\":\"2100\"},{\"name\":\"column3\",\"value\":\"0189\"},{\"name\":\"column4\",\"value\":\"0815\"},{\"name\":\"addnumber\",\"value\":\"087737582866\"}]',0,0,NULL),(10,'087784755971','Samsung A51 - Raspi 1 Handset 2','RR8N107HQGX','android','10','myXL','',2,5,1,0,1,'2022-01-31 01:01:19','','[{\"name\":\"xl\",\"value\":\"087884076820\"},{\"name\":\"nominal\",\"value\":\"5000\"},{\"name\":\"column1\",\"value\":\"1012\"},{\"name\":\"column2\",\"value\":\"2100\"},{\"name\":\"column3\",\"value\":\"0189\"},{\"name\":\"column4\",\"value\":\"0815\"},{\"name\":\"addnumber\",\"value\":\"087884076820\"},{\"name\":\"number1\",\"value\":\"087784755971\"}]',0,0,NULL),(11,'087775831892','Samsung A51 - Raspi 2 Handset 4','RR8NA0B51YV','android','10','myXL','',2,6,1,0,0,'2022-01-31 02:00:01','','[{\"name\":\"xl\",\"value\":\"081992349961\"},{\"name\":\"nominal\",\"value\":\"5000\"},{\"name\":\"column1\",\"value\":\"1012\"},{\"name\":\"column2\",\"value\":\"2100\"},{\"name\":\"column3\",\"value\":\"0189\"},{\"name\":\"column4\",\"value\":\"0815\"},{\"name\":\"addnumber\",\"value\":\"0800000000\"},{\"name\":\"number1\",\"value\":\"087775831892\"}]',0,0,NULL),(12,'087784755972','Iphone XS - Raspi 2 Handset 3','00008020-0002218A3ADA002E','ios','15.2','myXL','',2,1,1,0,0,'2022-01-30 08:20:01','','[{\"name\":\"xl\",\"value\":\"081992349961\"},{\"name\":\"nominal\",\"value\":\"5000\"},{\"name\":\"column1\",\"value\":\"1012\"},{\"name\":\"column2\",\"value\":\"2100\"},{\"name\":\"column3\",\"value\":\"0189\"},{\"name\":\"column4\",\"value\":\"0815\"},{\"name\":\"addnumber\",\"value\":\"087784755972\"},{\"name\":\"number1\",\"value\":\"087784755972\"}]',0,0,NULL),(13,'087775831896','Samsung A51 - Surabaya 1','RR8N405ZQPE','android','10','myXL','',1,3,1,0,0,NULL,'','[{\"name\":\"xl\",\"value\":\"087775831895\"},{\"name\":\"nominal\",\"value\":\"5000\"},{\"name\":\"column1\",\"value\":\"1012\"},{\"name\":\"column2\",\"value\":\"2100\"},{\"name\":\"column3\",\"value\":\"0189\"},{\"name\":\"column4\",\"value\":\"0815\"},{\"name\":\"addnumber\",\"value\":\"087775831895\"},{\"name\":\"number1\",\"value\":\"087775831896\"}]',0,0,NULL),(14,'087775831907','Samsung A51 - Surabaya 2','RR8N301PNTK','android','10','myXL','',1,5,1,0,0,NULL,'','[{\"name\":\"xl\",\"value\":\"087775831895\"},{\"name\":\"nominal\",\"value\":\"5000\"},{\"name\":\"column1\",\"value\":\"1012\"},{\"name\":\"column2\",\"value\":\"2100\"},{\"name\":\"column3\",\"value\":\"0189\"},{\"name\":\"column4\",\"value\":\"0815\"},{\"name\":\"addnumber\",\"value\":\"087775831907\"},{\"name\":\"number1\",\"value\":\"087775831907\"}]',0,0,NULL);

/*Data for the table `tb_journey` */

insert  into `tb_journey`(`id`,`name`,`activity_name`,`start_timer`,`application`,`type`,`platform`,`condition`,`published`) values (10,'Login MyXL','','','myXL','depending','',NULL,1),(11,'Buy Package','','','myXL','dependent','','',1),(12,'Live Chat','','','myXL','dependent','','',1),(14,'Top Up Pulsa myXL','','','myXL','dependent','','',1),(15,'Sharing Pulsa','','','myXL','dependent','','',1),(16,'Scan Voucher','','','myXL','dependent','','',1),(17,'Login myXL Add Number','','','myXL','dependent','android','device.operator_name = \'XL\'',1),(19,'Removing Add Number','','','myXL','dependent','android','device.operator_name = \'XL\'',1),(21,'Logout Account myXL','','','myXL','dependent','','',1);

/*Data for the table `tb_journey_detail` */

insert  into `tb_journey_detail`(`id`,`journey_id`,`name`,`platform`,`condition`,`published`,`ordering`) values (38,10,'Loading Splash Screen + Consent Page','','',1,1),(39,11,'Click XL Store','',NULL,1,1),(40,11,'Click Icon 1.5GB','',NULL,1,4),(41,11,'Click Activate','',NULL,1,5),(42,11,'Click Icon Xtra Combo Mini','',NULL,1,3),(44,11,'Click Main Package','',NULL,1,2),(50,12,'Click XL Care','',NULL,1,1),(51,12,'Click Live Chat','',NULL,1,2),(55,14,'Click Top Up','',NULL,1,2),(56,14,'Click Nominal','',NULL,1,3),(57,14,'Click Icon Buy','',NULL,1,4),(59,15,'Click Sharing','',NULL,1,2),(60,15,'Click Balance','',NULL,1,3),(61,15,'Input Number XL','',NULL,1,4),(62,15,'Input Balance Nominal','',NULL,1,5),(65,16,'Click XL Store','',NULL,1,2),(66,16,'Click Scan Your Voucher','',NULL,1,3),(67,16,'Check Voucher','',NULL,1,4),(68,16,'Click Input Manual Voucher','',NULL,1,5),(69,16,'Input Manual Voucher','',NULL,1,6),(71,17,'Account Selector','',NULL,1,1),(72,17,'Add New Account','',NULL,1,2),(73,17,'Prepaid MSISDN Form','',NULL,1,3),(74,17,'OTP Form','',NULL,1,4),(75,17,'Dashboard','',NULL,1,5),(90,19,'Click Profile Number','',NULL,1,1),(91,19,'Click First Number','android','',1,2),(92,19,'Click Profile Number Again','android','',1,3),(93,19,'Click Edit Account','',NULL,1,4),(94,19,'Click Remove Number','',NULL,1,5),(95,19,'Click Button Remove','',NULL,1,6),(96,19,'Click Done','',NULL,1,7),(97,19,'Click Profil','',NULL,0,8),(102,21,'Logout Account myXL','','',1,1),(103,19,'Clear Session','','',0,9),(105,10,'Auto Login + Dashboard Page','','',1,2),(106,10,'Quota Details Page','','',1,4);

/*Data for the table `tb_journey_detail_task` */

insert  into `tb_journey_detail_task`(`id`,`journey_detail_id`,`name`,`type`,`find_by`,`element_name`,`content`,`content_ios`,`handler`,`timeout`,`action`,`wait`,`input`,`start_timer`,`start_timer_when`,`end_timer`,`end_timer_when`,`record_param`,`record_param_when`,`upload`,`upload_data`,`upload_when`,`platform`,`condition`,`published`,`ordering`) values (134,38,'Open Application myXL','app_open','','','','','app','','','','','','','','',0,'',0,'','','','',1,3),(135,38,'Calibrate App Size myXL','calibrate_size','','','','','','','','','','','','','',0,'',0,'','','android',NULL,1,5),(136,38,'Check Dashboard myXL','ui','xpath','check_dashboard_myXL','//android.widget.FrameLayout[@content-desc=\"Dashboard\"]/android.widget.ImageView','//XCUIElementTypeButton[@name=\"Dashboard\"]','app','','none','','','','','login_myxl','after_ui',0,'',1,'','after_ui','','',0,7),(137,39,'Click Icon XL Store','ui','xpath','Menu XL Store','//android.widget.FrameLayout[@content-desc=\"XL Store\"]/android.view.ViewGroup/android.widget.TextView','//XCUIElementTypeButton[@name=\"XL Store\"]','app','','tap','','','xl_store','after_tap','','',1,'before_tap',0,'','','',NULL,1,3),(138,39,'Check Icon Main Package','ui','xpath','Icon Main Package','/hierarchy/android.widget.FrameLayout/android.widget.LinearLayout/android.widget.FrameLayout/android.widget.LinearLayout/android.widget.FrameLayout/android.widget.FrameLayout/android.view.ViewGroup/android.widget.FrameLayout/android.widget.LinearLayout/androidx.viewpager.widget.ViewPager/android.view.ViewGroup/android.view.ViewGroup/android.widget.ScrollView/android.widget.LinearLayout/android.widget.LinearLayout/androidx.recyclerview.widget.RecyclerView/android.widget.LinearLayout[1]/android.widget.LinearLayout/android.widget.RelativeLayout/android.widget.RelativeLayout/android.widget.LinearLayout/androidx.cardview.widget.CardView/android.widget.ImageView','//XCUIElementTypeStaticText[@label=\"Main Package\"]','app','','none','','','','','xl_store','after_ui',0,'',1,'','after_ui','','',1,4),(140,40,'Click Icon 1.5GB','ui','xpath','1.5GB','/hierarchy/android.widget.FrameLayout/android.widget.LinearLayout/android.widget.FrameLayout/android.widget.LinearLayout/android.widget.FrameLayout/android.widget.FrameLayout/android.view.ViewGroup/android.widget.FrameLayout/android.view.ViewGroup/android.view.ViewGroup/android.view.ViewGroup/android.widget.ScrollView/android.widget.LinearLayout/android.widget.LinearLayout/android.widget.LinearLayout[1]/androidx.recyclerview.widget.RecyclerView/android.widget.LinearLayout[4]/android.widget.FrameLayout/android.widget.RelativeLayout/android.widget.LinearLayout/android.widget.LinearLayout/android.widget.LinearLayout[1]/android.widget.LinearLayout/android.widget.LinearLayout[1]/android.widget.LinearLayout/android.widget.TextView','(//XCUIElementTypeStaticText[@name=\"xl_title_label\"])[6]','app','','tap','','','1.5GB','after_tap','','',1,'before_tap',0,'','','',NULL,1,1),(141,40,'Check Activate','ui','xpath','Activate','/hierarchy/android.widget.FrameLayout/android.widget.LinearLayout/android.widget.FrameLayout/android.widget.LinearLayout/android.widget.FrameLayout/android.widget.FrameLayout/android.view.ViewGroup/android.widget.FrameLayout/android.view.ViewGroup/android.widget.LinearLayout/android.widget.LinearLayout/android.widget.LinearLayout/android.widget.Button','//XCUIElementTypeStaticText[@name=\"Activate\"]','app','','none','','','','','1.5GB','after_ui',0,'',1,'','after_ui','',NULL,1,2),(142,41,'Click Activate','ui','xpath','Click Activate','/hierarchy/android.widget.FrameLayout/android.widget.LinearLayout/android.widget.FrameLayout/android.widget.LinearLayout/android.widget.FrameLayout/android.widget.FrameLayout/android.view.ViewGroup/android.widget.FrameLayout/android.view.ViewGroup/android.widget.LinearLayout/android.widget.LinearLayout/android.widget.LinearLayout/android.widget.Button','//XCUIElementTypeStaticText[@name=\"Activate\"]','app','','tap','','','Click Activate','after_tap','','',1,'before_tap',0,'','','',NULL,1,1),(143,41,'Check Payment Button','ui','xpath','Check Payment Button','/hierarchy/android.widget.FrameLayout/android.widget.LinearLayout/android.widget.FrameLayout/android.widget.LinearLayout/android.widget.FrameLayout/android.widget.FrameLayout/android.view.ViewGroup/android.widget.FrameLayout/android.widget.LinearLayout/android.view.ViewGroup/android.widget.LinearLayout/android.widget.LinearLayout/android.widget.LinearLayout/android.widget.LinearLayout/android.widget.Button','//XCUIElementTypeStaticText[@name=\"Pay\"]','app','','none','','','','','Click Activate','after_ui',0,'before_tap',1,'','after_ui','',NULL,1,2),(144,42,'Click Icon Xtra Combo Mini','ui','xpath','Xtra Combo Mini','/hierarchy/android.widget.FrameLayout/android.widget.LinearLayout/android.widget.FrameLayout/android.widget.LinearLayout/android.widget.FrameLayout/android.widget.FrameLayout/android.view.ViewGroup/android.widget.FrameLayout/android.view.ViewGroup/android.view.ViewGroup/android.widget.ScrollView/android.widget.LinearLayout/androidx.recyclerview.widget.RecyclerView/android.widget.LinearLayout[3]/android.view.ViewGroup/android.widget.FrameLayout/android.widget.RelativeLayout/android.view.ViewGroup/android.widget.LinearLayout/android.widget.LinearLayout/android.widget.RelativeLayout/android.widget.TextView','//XCUIElementTypeStaticText[@label=\"Xtra Combo Mini\"]','app','','tap','5','','Xtra Combo Mini','after_tap','','',1,'before_tap',0,'','','','device.operator_name in (\'WiFi\', \'AXIS\', \'Telkomsel\')',1,2),(145,42,'Check Icon 1.5GB','ui','xpath','1.5GB','/hierarchy/android.widget.FrameLayout/android.widget.LinearLayout/android.widget.FrameLayout/android.widget.LinearLayout/android.widget.FrameLayout/android.widget.FrameLayout/android.view.ViewGroup/android.widget.FrameLayout/android.view.ViewGroup/android.view.ViewGroup/android.view.ViewGroup/android.widget.ScrollView/android.widget.LinearLayout/android.widget.LinearLayout/android.widget.LinearLayout[1]/androidx.recyclerview.widget.RecyclerView/android.widget.LinearLayout[4]/android.widget.FrameLayout/android.widget.RelativeLayout/android.widget.LinearLayout/android.widget.LinearLayout/android.widget.LinearLayout[1]/android.widget.LinearLayout/android.widget.LinearLayout[1]/android.widget.LinearLayout/android.widget.TextView','(//XCUIElementTypeStaticText[@name=\"xl_title_label\"])[6]','app','','none','','','','','Xtra Combo Mini','after_ui',0,'before_tap',1,'','after_ui','','',1,3),(158,44,'Click Icon Main Package','ui','xpath','Main Package','/hierarchy/android.widget.FrameLayout/android.widget.LinearLayout/android.widget.FrameLayout/android.widget.LinearLayout/android.widget.FrameLayout/android.widget.FrameLayout/android.view.ViewGroup/android.widget.FrameLayout/android.widget.LinearLayout/androidx.viewpager.widget.ViewPager/android.view.ViewGroup/android.view.ViewGroup/android.widget.ScrollView/android.widget.LinearLayout/android.widget.LinearLayout/androidx.recyclerview.widget.RecyclerView/android.widget.LinearLayout[1]/android.widget.LinearLayout/android.widget.RelativeLayout/android.widget.RelativeLayout/android.widget.LinearLayout/androidx.cardview.widget.CardView/android.widget.ImageView','//XCUIElementTypeStaticText[@label=\"Main Package\"]','app','','tap','','','main_package','after_tap','','',1,'before_tap',0,'','','','device.operator_name in (\'AXIS\',\'XL\',\'Telkomsel\')',1,1),(159,44,'Check Xtra Combo Mini','ui','xpath','Xtra Combo Mini','/hierarchy/android.widget.FrameLayout/android.widget.LinearLayout/android.widget.FrameLayout/android.widget.LinearLayout/android.widget.FrameLayout/android.widget.FrameLayout/android.view.ViewGroup/android.widget.FrameLayout/android.view.ViewGroup/android.view.ViewGroup/android.widget.ScrollView/android.widget.LinearLayout/androidx.recyclerview.widget.RecyclerView/android.widget.LinearLayout[4]/android.view.ViewGroup/android.widget.FrameLayout/android.widget.RelativeLayout/android.view.ViewGroup/android.widget.LinearLayout/android.widget.LinearLayout/android.widget.RelativeLayout/android.widget.TextView','//XCUIElementTypeStaticText[@label=\"Xtra Combo Mini\"]','app','','none','','','','','main_package','after_ui',0,'before_tap',1,'','after_ui','','device.operator_name in (\'AXIS\',\'XL\',\'Telkomsel\')',1,2),(172,50,'Click Xl Care','ui','xpath','Xl Care','//android.widget.FrameLayout[@content-desc=\"XL Care\"]/android.widget.ImageView','//XCUIElementTypeButton[@name=\"XL Care\"]','app','','tap','','','xl_care','after_tap','','',1,'before_tap',0,'','','','device.operator_name in (\'AXIS\',\'XL\',\'Telkomsel\')',1,3),(173,50,'Check Live Chat','ui','xpath','Live Chat','/hierarchy/android.widget.FrameLayout/android.widget.LinearLayout/android.widget.FrameLayout/android.widget.LinearLayout/android.widget.FrameLayout/android.widget.FrameLayout/android.view.ViewGroup/android.widget.FrameLayout/android.widget.LinearLayout/androidx.viewpager.widget.ViewPager/android.view.ViewGroup/android.view.ViewGroup/android.widget.ScrollView/android.widget.LinearLayout/android.widget.LinearLayout[2]/androidx.recyclerview.widget.RecyclerView/android.widget.LinearLayout[3]/android.widget.LinearLayout/android.widget.TextView','//XCUIElementTypeStaticText[@label=\"Live Chat\"]','app','','none','','','','','xl_care','after_ui',0,'',1,'','after_ui','','device.operator_name in (\'AXIS\',\'XL\',\'Telkomsel\')',1,4),(174,51,'Click Live Chat','ui','xpath','Live Chat','/hierarchy/android.widget.FrameLayout/android.widget.LinearLayout/android.widget.FrameLayout/android.widget.LinearLayout/android.widget.FrameLayout/android.widget.FrameLayout/android.view.ViewGroup/android.widget.FrameLayout/android.widget.LinearLayout/androidx.viewpager.widget.ViewPager/android.view.ViewGroup/android.view.ViewGroup/android.widget.ScrollView/android.widget.LinearLayout/android.widget.LinearLayout[2]/androidx.recyclerview.widget.RecyclerView/android.widget.LinearLayout[3]/android.widget.LinearLayout/android.widget.TextView','//XCUIElementTypeStaticText[@label=\"Live Chat\"]','app','','tap','','','live_chat','after_tap','','',1,'before_tap',0,'','','','device.operator_name in (\'AXIS\',\'XL\',\'Telkomsel\')',1,1),(175,51,'Check Dashboard Live Chat','ui','xpath','Check_Dashboard_Chat','/hierarchy/android.widget.FrameLayout/android.widget.LinearLayout/android.widget.FrameLayout/android.widget.LinearLayout/android.widget.FrameLayout/android.widget.FrameLayout/android.widget.FrameLayout/android.view.ViewGroup/android.webkit.WebView/android.webkit.WebView/android.view.View/android.view.View/android.view.View[1]/android.view.View[1]/android.widget.Image','//XCUIElementTypeStaticText[@name=\"Maya\"]','app','','none','','','','','live_chat','after_ui',0,'before_tap',1,'','after_ui','','device.operator_name in (\'AXIS\',\'XL\',\'Telkomsel\')',1,2),(182,55,'Click Top Up','ui','xpath','Top Up','/hierarchy/android.widget.FrameLayout/android.widget.LinearLayout/android.widget.FrameLayout/android.widget.LinearLayout/android.widget.FrameLayout/android.widget.FrameLayout/android.view.ViewGroup/android.widget.FrameLayout/android.widget.LinearLayout/androidx.viewpager.widget.ViewPager/android.view.ViewGroup/android.widget.LinearLayout/android.view.ViewGroup/android.widget.ScrollView/android.widget.LinearLayout/android.widget.LinearLayout[3]/android.widget.LinearLayout/android.widget.LinearLayout[2]/android.widget.LinearLayout/android.widget.LinearLayout/android.widget.FrameLayout/android.widget.LinearLayout/android.widget.LinearLayout/android.widget.LinearLayout/android.widget.Button','//XCUIElementTypeStaticText[@name=\"Top Up\"]','app','','tap','','','top_up','after_tap','','',1,'before_tap',0,'','','','',1,3),(183,55,'Check Number','ui','xpath','Check Number','/hierarchy/android.widget.FrameLayout/android.widget.LinearLayout/android.widget.FrameLayout/android.widget.LinearLayout/android.widget.FrameLayout/android.widget.FrameLayout/android.view.ViewGroup/android.widget.FrameLayout/android.view.ViewGroup/android.widget.ScrollView/android.widget.LinearLayout/androidx.recyclerview.widget.RecyclerView/android.widget.LinearLayout[1]/android.widget.FrameLayout/android.widget.LinearLayout/android.widget.RelativeLayout/android.widget.LinearLayout/android.widget.TextView','//XCUIElementTypeStaticText[@name=\"xl_label\"]','app','','none','','','','','top_up','after_ui',0,'',1,'','after_ui','','',1,4),(184,56,'Click Nominal','ui','xpath','Click Nominal','/hierarchy/android.widget.FrameLayout/android.widget.LinearLayout/android.widget.FrameLayout/android.widget.LinearLayout/android.widget.FrameLayout/android.widget.FrameLayout/android.view.ViewGroup/android.widget.FrameLayout/android.view.ViewGroup/android.widget.ScrollView/android.widget.LinearLayout/androidx.recyclerview.widget.RecyclerView/android.widget.LinearLayout[1]/android.widget.FrameLayout/android.widget.LinearLayout/android.widget.RelativeLayout/android.widget.LinearLayout/android.widget.TextView','(//XCUIElementTypeStaticText[@name=\"xl_title_label\"])[1]','app','','tap','','','click_nominal','after_tap','','',1,'before_tap',0,'','','','',1,1),(185,56,'Check Icon Buy','ui','xpath','Check Icon Buy','/hierarchy/android.widget.FrameLayout/android.widget.LinearLayout/android.widget.FrameLayout/android.widget.LinearLayout/android.widget.FrameLayout/android.widget.FrameLayout/android.view.ViewGroup/android.widget.FrameLayout/android.view.ViewGroup/android.widget.LinearLayout[2]/android.widget.LinearLayout/android.widget.LinearLayout/android.widget.Button','//XCUIElementTypeStaticText[@name=\"Buy\"]','app','','none','','','','','click_nominal','after_ui',0,'',1,'','after_ui','','',1,2),(186,57,'Click Icon Buy','ui','xpath','Click Icon Buy','/hierarchy/android.widget.FrameLayout/android.widget.LinearLayout/android.widget.FrameLayout/android.widget.LinearLayout/android.widget.FrameLayout/android.widget.FrameLayout/android.view.ViewGroup/android.widget.FrameLayout/android.view.ViewGroup/android.widget.LinearLayout[2]/android.widget.LinearLayout/android.widget.LinearLayout/android.widget.Button','//XCUIElementTypeStaticText[@name=\"Buy\"]','app','','tap','','','icon_buy','after_tap','','',1,'before_tap',0,'','','','',1,1),(187,57,'Check Payment Buy','ui','xpath','Payment Buy','/hierarchy/android.widget.FrameLayout/android.widget.LinearLayout/android.widget.FrameLayout/android.widget.LinearLayout/android.widget.FrameLayout/android.widget.FrameLayout/android.view.ViewGroup/android.widget.FrameLayout/android.widget.LinearLayout/android.view.ViewGroup/android.widget.LinearLayout/android.widget.LinearLayout/android.widget.LinearLayout/android.widget.LinearLayout/android.widget.Button','//XCUIElementTypeStaticText[@name=\"Pay\"]','app','','none','','','','','icon_buy','after_ui',0,'',1,'','after_ui','','',1,2),(189,59,'Click Sharing','ui','xpath','Sharing','/hierarchy/android.widget.FrameLayout/android.widget.LinearLayout/android.widget.FrameLayout/android.widget.LinearLayout/android.widget.FrameLayout/android.widget.FrameLayout/android.view.ViewGroup/android.widget.FrameLayout/android.widget.LinearLayout/androidx.viewpager.widget.ViewPager/android.view.ViewGroup/android.widget.LinearLayout/android.view.ViewGroup/android.widget.ScrollView/android.widget.LinearLayout/android.widget.LinearLayout[3]/android.widget.LinearLayout/android.widget.LinearLayout[1]/androidx.recyclerview.widget.RecyclerView/android.widget.LinearLayout[2]/android.widget.LinearLayout/android.widget.TextView','//XCUIElementTypeStaticText[@label=\"Sharing\"]','app','','tap','','','sharing','after_tap','','',1,'before_tap',0,'','','','',1,4),(190,59,'Check Balance','ui','xpath','Balance','/hierarchy/android.widget.FrameLayout/android.widget.LinearLayout/android.widget.FrameLayout/android.widget.LinearLayout/android.widget.FrameLayout/android.widget.FrameLayout/android.view.ViewGroup/android.widget.FrameLayout/android.view.ViewGroup/android.widget.LinearLayout[2]/android.widget.LinearLayout[1]/android.widget.FrameLayout/android.widget.LinearLayout/android.widget.LinearLayout[2]/android.widget.TextView','//XCUIElementTypeStaticText[@label=\"Balance\"]','app','','none','','','','','sharing','after_ui',0,'',1,'','after_ui','','',1,5),(191,60,'Click Balance','ui','xpath','Balance','/hierarchy/android.widget.FrameLayout/android.widget.LinearLayout/android.widget.FrameLayout/android.widget.LinearLayout/android.widget.FrameLayout/android.widget.FrameLayout/android.view.ViewGroup/android.widget.FrameLayout/android.view.ViewGroup/android.widget.LinearLayout[2]/android.widget.LinearLayout[1]/android.widget.FrameLayout/android.widget.LinearLayout/android.widget.LinearLayout[2]/android.widget.TextView','//XCUIElementTypeStaticText[@label=\"Balance\"]','app','','tap','','','balance','after_tap','','',1,'before_tap',0,'','','','',1,1),(192,60,'Check Column Number','ui','xpath','Column Number','/hierarchy/android.widget.FrameLayout/android.widget.LinearLayout/android.widget.FrameLayout/android.widget.LinearLayout/android.widget.FrameLayout/android.view.ViewGroup/android.widget.FrameLayout/android.widget.LinearLayout/android.widget.LinearLayout[2]/android.widget.LinearLayout/android.widget.LinearLayout/android.view.ViewGroup/android.widget.LinearLayout/android.widget.FrameLayout/android.widget.EditText','//XCUIElementTypeStaticText[@label=\"XL Number\"]','app','','none','','','','','balance','after_ui',0,'',1,'','after_ui','','',1,2),(193,61,'Input Number XL','ui','xpath','Number XL','/hierarchy/android.widget.FrameLayout/android.widget.LinearLayout/android.widget.FrameLayout/android.widget.LinearLayout/android.widget.FrameLayout/android.view.ViewGroup/android.widget.FrameLayout/android.widget.LinearLayout/android.widget.LinearLayout[2]/android.widget.LinearLayout/android.widget.LinearLayout/android.view.ViewGroup/android.widget.LinearLayout/android.widget.FrameLayout/android.widget.EditText','//XCUIElementTypeTextField[@name=\"xl_textfield\"]','app','','input','','{{device[\"params\"][\"xl\"]}}','','','','',0,'',0,'','','','',1,1),(194,61,'Click Continue','ui','xpath','Continue','//android.widget.Button[@content-desc=\"Touch on Lanjutkan Login Input MSISDN\"]','//XCUIElementTypeButton[@label=\"Continue\"]','app','','tap','','','input_number','after_tap','','',1,'before_tap',0,'','','','',1,2),(195,62,'Input Balance Nominal','ui','xpath','Balance Nominal','/hierarchy/android.widget.FrameLayout/android.widget.LinearLayout/android.widget.FrameLayout/android.widget.LinearLayout/android.widget.FrameLayout/android.widget.FrameLayout/android.view.ViewGroup/android.widget.FrameLayout/android.widget.RelativeLayout/android.widget.ScrollView/android.widget.LinearLayout/android.widget.LinearLayout/android.view.ViewGroup/android.widget.LinearLayout/android.widget.FrameLayout/android.widget.EditText','//XCUIElementTypeTextField[@name=\"xl_textfield\"]','app','','input','5','{{device[\"params\"][\"nominal\"]}}','','','','',0,'',0,'','','','',1,2),(196,62,'Click Continue','ui','xpath','Continue','//android.widget.Button[@content-desc=\"Touch on Lanjutkan Share Balance Nominal\"]','//XCUIElementTypeButton[@label=\"Continue\"]','app','','tap','','','input_balance_nominal','after_tap','','',1,'before_tap',0,'','','','',1,3),(199,61,'Check Column Balance','ui','xpath','Column Balance','/hierarchy/android.widget.FrameLayout/android.widget.LinearLayout/android.widget.FrameLayout/android.widget.LinearLayout/android.widget.FrameLayout/android.view.ViewGroup/android.widget.FrameLayout/android.widget.LinearLayout/android.widget.LinearLayout[2]/android.widget.LinearLayout/android.widget.LinearLayout/android.view.ViewGroup/android.widget.LinearLayout/android.widget.FrameLayout/android.widget.EditText','//XCUIElementTypeStaticText[@name=\"xl_padding_label\"][@label=\"Balance Nominal\"]','app','','none','','','','','input_number','after_ui',0,'',1,'','after_ui','','',1,4),(200,62,'Check Button Send','ui','xpath','Button Send','/hierarchy/android.widget.FrameLayout/android.widget.LinearLayout/android.widget.FrameLayout/android.widget.LinearLayout/android.widget.FrameLayout/android.widget.FrameLayout/android.view.ViewGroup/android.widget.FrameLayout/android.widget.RelativeLayout/android.widget.LinearLayout[2]/android.widget.LinearLayout/android.widget.LinearLayout[2]/android.widget.LinearLayout/android.widget.LinearLayout/android.widget.Button','//XCUIElementTypeButton[@label=\"Send\"]','app','','none','','','','','input_balance_nominal','after_ui',0,'',1,'','after_ui','','',1,4),(201,65,'Click XL Store','ui','xpath','XL Store','//android.widget.FrameLayout[@content-desc=\"XL Store\"]/android.view.ViewGroup/android.widget.TextView','//XCUIElementTypeButton[@name=\"XL Store\"]','app','','tap','','','xl_store','after_tap','','',1,'before_tap',0,'','','','',1,6),(202,65,'Check Scan Your Voucher','ui','xpath','Scan Your Voucher','/hierarchy/android.widget.FrameLayout/android.widget.LinearLayout/android.widget.FrameLayout/android.widget.LinearLayout/android.widget.FrameLayout/android.widget.FrameLayout/android.view.ViewGroup/android.widget.FrameLayout/android.widget.LinearLayout/androidx.viewpager.widget.ViewPager/android.view.ViewGroup/android.view.ViewGroup/android.widget.ScrollView/android.widget.LinearLayout/androidx.recyclerview.widget.RecyclerView/android.widget.LinearLayout[1]/android.widget.LinearLayout/androidx.cardview.widget.CardView/android.widget.LinearLayout/android.widget.LinearLayout[2]/android.widget.LinearLayout/androidx.recyclerview.widget.RecyclerView/android.widget.LinearLayout[2]/android.widget.LinearLayout/android.view.ViewGroup/android.widget.FrameLayout/android.view.ViewGroup[1]/android.widget.LinearLayout/android.widget.RelativeLayout/android.widget.TextView','//XCUIElementTypeStaticText[@name=\"Scan your voucher now!\"]','app','','none','','','','','xl_store','after_ui',0,'',1,'','after_ui','','',1,7),(203,66,'Click Scan Your Voucher','ui','xpath','Scan Your Voucher','/hierarchy/android.widget.FrameLayout/android.widget.LinearLayout/android.widget.FrameLayout/android.widget.LinearLayout/android.widget.FrameLayout/android.widget.FrameLayout/android.view.ViewGroup/android.widget.FrameLayout/android.widget.LinearLayout/androidx.viewpager.widget.ViewPager/android.view.ViewGroup/android.view.ViewGroup/android.widget.ScrollView/android.widget.LinearLayout/androidx.recyclerview.widget.RecyclerView/android.widget.LinearLayout[1]/android.widget.LinearLayout/androidx.cardview.widget.CardView/android.widget.LinearLayout/android.widget.LinearLayout[2]/android.widget.LinearLayout/androidx.recyclerview.widget.RecyclerView/android.widget.LinearLayout[2]/android.widget.LinearLayout/android.view.ViewGroup/android.widget.FrameLayout/android.view.ViewGroup[1]/android.widget.LinearLayout/android.widget.RelativeLayout/android.widget.TextView','//XCUIElementTypeStaticText[@name=\"Scan your voucher now!\"]','app','','tap','','','scan_your_voucher','after_tap','','',1,'before_tap',0,'','','','',1,1),(204,66,'Check Voucher','ui','xpath','Check Voucher','/hierarchy/android.widget.FrameLayout/android.widget.LinearLayout/android.widget.FrameLayout/android.widget.LinearLayout/android.widget.FrameLayout/android.widget.FrameLayout/android.view.ViewGroup/android.widget.FrameLayout/android.view.ViewGroup/android.widget.ScrollView/android.widget.LinearLayout/android.widget.LinearLayout[1]/android.widget.FrameLayout/android.widget.LinearLayout/android.widget.Button[2]','//XCUIElementTypeButton[@label=\"View Voucher\"]','app','','none','','','','','scan_your_voucher','after_ui',0,'',1,'','after_ui','','',1,2),(205,67,'Click View Voucher','ui','xpath','View Voucher','/hierarchy/android.widget.FrameLayout/android.widget.LinearLayout/android.widget.FrameLayout/android.widget.LinearLayout/android.widget.FrameLayout/android.widget.FrameLayout/android.view.ViewGroup/android.widget.FrameLayout/android.view.ViewGroup/android.widget.ScrollView/android.widget.LinearLayout/android.widget.LinearLayout[1]/android.widget.FrameLayout/android.widget.LinearLayout/android.widget.Button[2]','//XCUIElementTypeButton[@label=\"View Voucher\"]','app','','tap','','','activate_voucher','after_tap','','',1,'before_tap',0,'','','','',1,1),(206,67,'Check Manual input','ui','xpath','Manual input','/hierarchy/android.widget.FrameLayout/android.widget.LinearLayout/android.widget.FrameLayout/android.widget.LinearLayout/android.widget.FrameLayout/android.widget.FrameLayout/android.view.ViewGroup/android.widget.FrameLayout/android.view.ViewGroup/android.view.ViewGroup/android.widget.Button','//XCUIElementTypeButton[@label=\"Manual input\"]','app','','none','','','','','activate_voucher','after_ui',0,'',1,'','after_ui','','',1,4),(207,68,'Click Input Manual','ui','xpath','Input Manual','/hierarchy/android.widget.FrameLayout/android.widget.LinearLayout/android.widget.FrameLayout/android.widget.LinearLayout/android.widget.FrameLayout/android.widget.FrameLayout/android.view.ViewGroup/android.widget.FrameLayout/android.view.ViewGroup/android.view.ViewGroup/android.widget.Button','//XCUIElementTypeButton[@label=\"Manual input\"]','app','','tap','5','','input_manual','after_tap','','',1,'before_tap',0,'','','','',1,1),(209,68,'Check Input Voucher','ui','xpath','Input Voucher','/hierarchy/android.widget.FrameLayout/android.widget.LinearLayout/android.widget.FrameLayout/android.widget.LinearLayout/android.widget.FrameLayout/android.widget.FrameLayout/android.view.ViewGroup/android.widget.FrameLayout/android.widget.RelativeLayout/android.widget.ScrollView/android.widget.LinearLayout/android.widget.LinearLayout[2]/android.widget.LinearLayout/android.view.ViewGroup[1]/android.widget.LinearLayout/android.widget.FrameLayout/android.widget.EditText','(//XCUIElementTypeTextField[@name=\"xl_textfield\"])[1]','app','','none','','','','','input_manual','after_ui',0,'',1,'','after_ui','','',1,3),(210,69,'Input Voucher Column 1','ui','xpath','Voucher Column 1','/hierarchy/android.widget.FrameLayout/android.widget.LinearLayout/android.widget.FrameLayout/android.widget.LinearLayout/android.widget.FrameLayout/android.widget.FrameLayout/android.view.ViewGroup/android.widget.FrameLayout/android.widget.RelativeLayout/android.widget.ScrollView/android.widget.LinearLayout/android.widget.LinearLayout[2]/android.widget.LinearLayout/android.view.ViewGroup[1]/android.widget.LinearLayout/android.widget.FrameLayout/android.widget.EditText','(//XCUIElementTypeTextField[@name=\"xl_textfield\"])[1]','app','','input','','{{device[\"params\"][\"column1\"]}}','','','','',0,'',0,'','','','',1,1),(211,69,'Input Voucher Column 2','ui','xpath','Voucher Column 2','/hierarchy/android.widget.FrameLayout/android.widget.LinearLayout/android.widget.FrameLayout/android.widget.LinearLayout/android.widget.FrameLayout/android.widget.FrameLayout/android.view.ViewGroup/android.widget.FrameLayout/android.widget.RelativeLayout/android.widget.ScrollView/android.widget.LinearLayout/android.widget.LinearLayout[2]/android.widget.LinearLayout/android.view.ViewGroup[2]/android.widget.LinearLayout/android.widget.FrameLayout/android.widget.EditText','(//XCUIElementTypeTextField[@name=\"xl_textfield\"])[2]','app','','input','','{{device[\"params\"][\"column2\"]}}','','','','',0,'',0,'','','','',1,2),(212,69,'Input Voucher Column 3','ui','xpath','Voucher Column 3','/hierarchy/android.widget.FrameLayout/android.widget.LinearLayout/android.widget.FrameLayout/android.widget.LinearLayout/android.widget.FrameLayout/android.widget.FrameLayout/android.view.ViewGroup/android.widget.FrameLayout/android.widget.RelativeLayout/android.widget.ScrollView/android.widget.LinearLayout/android.widget.LinearLayout[2]/android.widget.LinearLayout/android.view.ViewGroup[3]/android.widget.LinearLayout/android.widget.FrameLayout/android.widget.EditText','(//XCUIElementTypeTextField[@name=\"xl_textfield\"])[3]','app','','input','','{{device[\"params\"][\"column3\"]}}','','','','',0,'',0,'','','','',1,3),(213,69,'Input Voucher Column 4','ui','xpath','Voucher Column 4','/hierarchy/android.widget.FrameLayout/android.widget.LinearLayout/android.widget.FrameLayout/android.widget.LinearLayout/android.widget.FrameLayout/android.widget.FrameLayout/android.view.ViewGroup/android.widget.FrameLayout/android.widget.RelativeLayout/android.widget.ScrollView/android.widget.LinearLayout/android.widget.LinearLayout[2]/android.widget.LinearLayout/android.view.ViewGroup[4]/android.widget.LinearLayout/android.widget.FrameLayout/android.widget.EditText','(//XCUIElementTypeTextField[@name=\"xl_textfield\"])[4]','app','','input','','{{device[\"params\"][\"column4\"]}}','','','','',0,'',0,'','','','',1,4),(214,69,'Click View Voucher 2','ui','xpath','Activate Voucher 2','/hierarchy/android.widget.FrameLayout/android.widget.LinearLayout/android.widget.FrameLayout/android.widget.LinearLayout/android.widget.FrameLayout/android.widget.FrameLayout/android.view.ViewGroup/android.widget.FrameLayout/android.widget.RelativeLayout/android.widget.Button','//XCUIElementTypeButton[@label=\"View Benefit Details\"]','app','','tap','','','activate','after_tap','','',1,'before_tap',0,'','','','',1,5),(215,69,'Check Activate','ui','xpath','Check Activate','/hierarchy/android.widget.FrameLayout/android.widget.LinearLayout/android.widget.FrameLayout/android.widget.LinearLayout/android.widget.FrameLayout/android.widget.FrameLayout/android.view.ViewGroup/android.widget.FrameLayout/android.view.ViewGroup/android.widget.LinearLayout/android.widget.Button','//XCUIElementTypeButton[@label=\"Activate Voucher\"]','app','','none','','','','','activate','after_ui',0,'',1,'','after_ui','','',1,6),(220,71,'Click Profile Number','ui','xpath','Profile Number','/hierarchy/android.widget.FrameLayout/android.widget.LinearLayout/android.widget.FrameLayout/android.widget.LinearLayout/android.widget.FrameLayout/android.widget.FrameLayout/android.view.ViewGroup/android.widget.FrameLayout/android.widget.LinearLayout/androidx.viewpager.widget.ViewPager/android.view.ViewGroup/android.widget.LinearLayout/android.view.ViewGroup/android.widget.ScrollView/android.widget.LinearLayout/android.widget.LinearLayout[1]/android.widget.LinearLayout[1]/android.widget.FrameLayout/android.view.ViewGroup/android.widget.TextView[1]','//XCUIElementTypeStaticText[@name=\"xl_subtitle_label\"]','app','','tap','','','profile_number','after_tap','','',1,'before_tap',0,'','','','',1,2),(221,71,'Check New Account','ui','xpath','New Account','/hierarchy/android.widget.FrameLayout/android.widget.LinearLayout/android.widget.FrameLayout/android.widget.FrameLayout/android.widget.FrameLayout/android.widget.FrameLayout/android.view.ViewGroup/android.widget.FrameLayout/android.widget.LinearLayout/android.widget.LinearLayout/android.view.ViewGroup/android.widget.LinearLayout/android.widget.LinearLayout/android.view.ViewGroup/android.widget.ScrollView/android.widget.LinearLayout/android.widget.LinearLayout/android.widget.FrameLayout/android.widget.LinearLayout/android.widget.TextView','//XCUIElementTypeStaticText[@label=\"Add New Account\"]','app','','none','','','','','profile_number','after_ui',0,'',1,'','after_ui','','',1,3),(222,72,'Click New Account','ui','xpath','New Account','/hierarchy/android.widget.FrameLayout/android.widget.LinearLayout/android.widget.FrameLayout/android.widget.FrameLayout/android.widget.FrameLayout/android.widget.FrameLayout/android.view.ViewGroup/android.widget.FrameLayout/android.widget.LinearLayout/android.widget.LinearLayout/android.view.ViewGroup/android.widget.LinearLayout/android.widget.LinearLayout/android.view.ViewGroup/android.widget.ScrollView/android.widget.LinearLayout/android.widget.LinearLayout/android.widget.FrameLayout/android.widget.LinearLayout/android.widget.TextView','//XCUIElementTypeStaticText[@label=\"Add New Account\"]','app','','tap','','','new_account','after_tap','','',1,'before_tap',0,'','','','',1,1),(223,72,'Check XL Prepaid','ui','xpath','Xl Prepaid','/hierarchy/android.widget.FrameLayout/android.widget.LinearLayout/android.widget.FrameLayout/android.widget.LinearLayout/android.widget.FrameLayout/android.view.ViewGroup/android.widget.FrameLayout/android.view.ViewGroup/android.view.ViewGroup/android.widget.LinearLayout/android.widget.LinearLayout[1]/androidx.recyclerview.widget.RecyclerView/android.widget.LinearLayout[1]/android.widget.FrameLayout/android.widget.LinearLayout/android.widget.LinearLayout/android.widget.TextView[1]','//XCUIElementTypeStaticText[@label=\"XL Prepaid\"]','app','','none','','','','','new_account','after_ui',0,'',1,'','after_ui','','',1,2),(224,73,'Click Xl Prepaid','ui','xpath','Xl Prepaid','/hierarchy/android.widget.FrameLayout/android.widget.LinearLayout/android.widget.FrameLayout/android.widget.LinearLayout/android.widget.FrameLayout/android.view.ViewGroup/android.widget.FrameLayout/android.view.ViewGroup/android.view.ViewGroup/android.widget.LinearLayout/android.widget.LinearLayout[1]/androidx.recyclerview.widget.RecyclerView/android.widget.LinearLayout[1]/android.widget.FrameLayout/android.widget.LinearLayout/android.widget.LinearLayout/android.widget.TextView[1]','//XCUIElementTypeStaticText[@label=\"XL Prepaid\"]','app','','tap','5','','xl_prepaid','after_tap','','',1,'before_tap',0,'','','','',1,1),(225,73,'Check Column Number','ui','xpath','Column Number','/hierarchy/android.widget.FrameLayout/android.widget.LinearLayout/android.widget.FrameLayout/android.widget.LinearLayout/android.widget.FrameLayout/android.view.ViewGroup/android.widget.FrameLayout/android.widget.LinearLayout/android.widget.LinearLayout[2]/android.widget.LinearLayout/android.widget.LinearLayout/android.view.ViewGroup/android.widget.LinearLayout/android.widget.FrameLayout/android.widget.EditText','//XCUIElementTypeStaticText[@label=\"XL Number\"]','app','','none','','','','','xl_prepaid','after_ui',0,'',1,'','after_ui','','',1,2),(226,74,'Input Number XL','ui','xpath','Number XL','/hierarchy/android.widget.FrameLayout/android.widget.LinearLayout/android.widget.FrameLayout/android.widget.LinearLayout/android.widget.FrameLayout/android.view.ViewGroup/android.widget.FrameLayout/android.widget.LinearLayout/android.widget.LinearLayout[2]/android.widget.LinearLayout/android.widget.LinearLayout/android.view.ViewGroup/android.widget.LinearLayout/android.widget.FrameLayout/android.widget.EditText','//XCUIElementTypeStaticText[@label=\"XL Number\"]','app','','input','','{{device[\"params\"][\"addnumber\"]}}','','','','',0,'',0,'','','','',1,1),(227,74,'Click Checklist Term and Condition','ui','xpath','Checklist Term and Condition','/hierarchy/android.widget.FrameLayout/android.widget.LinearLayout/android.widget.FrameLayout/android.widget.LinearLayout/android.widget.FrameLayout/android.view.ViewGroup/android.widget.FrameLayout/android.widget.LinearLayout/android.widget.LinearLayout[3]/android.widget.CheckBox','//XCUIElementTypeButton[@name=\"xl_checkbox\"]','app','','tap','','','','','','',0,'',0,'','','','',1,2),(228,74,'Click Continue','ui','xpath','Continue','//android.widget.Button[@content-desc=\"Touch on Lanjutkan Login Input MSISDN\"]','//XCUIElementTypeButton[@name=\"Continue\"]','app','','tap','','','input_number','after_tap','','',1,'before_tap',0,'','','','',1,3),(229,74,'Account Added Successfully','ui','xpath','Account Added Successfully','/hierarchy/android.widget.FrameLayout/android.widget.LinearLayout/android.widget.FrameLayout/android.widget.LinearLayout/android.widget.FrameLayout/android.view.ViewGroup/android.widget.FrameLayout/android.view.ViewGroup/android.widget.LinearLayout/android.widget.Button','','app','','none','','','','','input_number','after_ui',0,'',1,'','after_ui','android','',1,4),(230,75,'Back to Dashboard','ui','xpath','Check Dashboard','/hierarchy/android.widget.FrameLayout/android.widget.LinearLayout/android.widget.FrameLayout/android.widget.LinearLayout/android.widget.FrameLayout/android.view.ViewGroup/android.widget.FrameLayout/android.view.ViewGroup/android.widget.LinearLayout/android.widget.Button','//XCUIElementTypeStaticText[@name=\"Back to Dashboard\"]','app','','tap','','','back_dashboard','after_tap','','',1,'before_tap',0,'','','','',1,1),(231,75,'Check Dashboard 3','ui','xpath','Back to Dashboard 3','//android.widget.FrameLayout[@content-desc=\"Dashboard\"]/android.widget.ImageView','//XCUIElementTypeButton[@name=\"Dashboard\"]','app','','none','','','','','back_dashboard','after_ui',0,'',1,'','after_ui','','',1,2),(261,55,'Check Dashboard','back_until_ui','xpath','Check Dashboard','/hierarchy/android.widget.FrameLayout/android.widget.LinearLayout/android.widget.FrameLayout/android.widget.LinearLayout/android.widget.FrameLayout/android.widget.FrameLayout/android.view.ViewGroup/android.widget.FrameLayout/android.widget.LinearLayout/androidx.viewpager.widget.ViewPager/android.view.ViewGroup/android.widget.LinearLayout/android.view.ViewGroup/android.widget.ScrollView/android.widget.LinearLayout/android.widget.LinearLayout[3]/android.widget.LinearLayout/android.widget.LinearLayout[2]/android.widget.LinearLayout/android.widget.LinearLayout/android.widget.FrameLayout/android.widget.LinearLayout/android.widget.LinearLayout/android.view.ViewGroup/android.widget.TextView','//XCUIElementTypeButton[@name=\"Dashboard\"]','app','','','','','','','','',0,'',0,'','','','',1,1),(262,59,'Check Dashboard','back_until_ui','xpath','Check Dashboard','/hierarchy/android.widget.FrameLayout/android.widget.LinearLayout/android.widget.FrameLayout/android.widget.LinearLayout/android.widget.FrameLayout/android.widget.FrameLayout/android.view.ViewGroup/android.widget.FrameLayout/android.widget.LinearLayout/androidx.viewpager.widget.ViewPager/android.view.ViewGroup/android.widget.LinearLayout/android.view.ViewGroup/android.widget.ScrollView/android.widget.LinearLayout/android.widget.LinearLayout[3]/android.widget.LinearLayout/android.widget.LinearLayout[2]/android.widget.LinearLayout/android.widget.LinearLayout/android.widget.FrameLayout/android.widget.LinearLayout/android.widget.LinearLayout/android.view.ViewGroup/android.widget.TextView','//XCUIElementTypeButton[@name=\"Dashboard\"]','app','','','','','','','','',0,'',0,'','','','',1,2),(264,65,'Check Dashboard','back_until_ui','xpath','Check Dashboard','/hierarchy/android.widget.FrameLayout/android.widget.LinearLayout/android.widget.FrameLayout/android.widget.LinearLayout/android.widget.FrameLayout/android.widget.FrameLayout/android.view.ViewGroup/android.widget.FrameLayout/android.widget.LinearLayout/androidx.viewpager.widget.ViewPager/android.view.ViewGroup/android.widget.LinearLayout/android.view.ViewGroup/android.widget.ScrollView/android.widget.LinearLayout/android.widget.LinearLayout[3]/android.widget.LinearLayout/android.widget.LinearLayout[2]/android.widget.LinearLayout/android.widget.LinearLayout/android.widget.FrameLayout/android.widget.LinearLayout/android.widget.LinearLayout/android.view.ViewGroup/android.widget.TextView','//XCUIElementTypeButton[@name=\"Dashboard\"]','app','','','','','','','','',0,'',0,'','','android','',1,5),(265,90,'Click Profil Number','ui','xpath','Click Profil Number','/hierarchy/android.widget.FrameLayout/android.widget.LinearLayout/android.widget.FrameLayout/android.widget.LinearLayout/android.widget.FrameLayout/android.widget.FrameLayout/android.view.ViewGroup/android.widget.FrameLayout/android.widget.LinearLayout/androidx.viewpager.widget.ViewPager/android.view.ViewGroup/android.widget.LinearLayout/android.view.ViewGroup/android.widget.ScrollView/android.widget.LinearLayout/android.widget.LinearLayout[1]/android.widget.LinearLayout[1]/android.widget.FrameLayout/android.view.ViewGroup/android.widget.TextView[1]','//XCUIElementTypeStaticText[@name=\"xl_subtitle_label\"]','app','','tap','','','profil_number','after_tap','','',1,'before_tap',0,'','','','',1,2),(266,90,'Check Edit Account','ui','xpath','Check Edit Account','/hierarchy/android.widget.FrameLayout/android.widget.LinearLayout/android.widget.FrameLayout/android.widget.FrameLayout/android.widget.FrameLayout/android.widget.FrameLayout/android.view.ViewGroup/android.widget.FrameLayout/android.widget.LinearLayout/android.widget.LinearLayout/android.view.ViewGroup/android.widget.LinearLayout/android.widget.LinearLayout/android.view.ViewGroup/android.widget.ScrollView/android.widget.LinearLayout/androidx.recyclerview.widget.RecyclerView/android.widget.LinearLayout[2]/android.widget.FrameLayout/android.widget.RelativeLayout/android.widget.LinearLayout/android.widget.LinearLayout/android.widget.FrameLayout/android.view.ViewGroup/android.widget.TextView','//XCUIElementTypeStaticText[@name=\"Edit Account\"]','app','','none','','','','','profil_number','after_ui',0,'',1,'','after_ui','','',1,3),(267,91,'Click First Number','ui','xpath','Click First Number','/hierarchy/android.widget.FrameLayout/android.widget.LinearLayout/android.widget.FrameLayout/android.widget.FrameLayout/android.widget.FrameLayout/android.widget.FrameLayout/android.view.ViewGroup/android.widget.FrameLayout/android.widget.LinearLayout/android.widget.LinearLayout/android.view.ViewGroup/android.widget.LinearLayout/android.widget.LinearLayout/android.view.ViewGroup/android.widget.ScrollView/android.widget.LinearLayout/androidx.recyclerview.widget.RecyclerView/android.widget.LinearLayout[2]/android.widget.FrameLayout/android.widget.RelativeLayout/android.widget.LinearLayout/android.widget.LinearLayout/android.widget.FrameLayout/android.view.ViewGroup/android.widget.TextView','//XCUIElementTypeStaticText[@name=\"xl_subtitle_label\"][1]','app','','tap','','','first_number','after_tap','','',1,'before_tap',0,'','','','',1,1),(268,91,'Check Dashboard','ui','xpath','Check Dashboard','//android.widget.FrameLayout[@content-desc=\"Dashboard\"]/android.widget.ImageView','','app','','none','','','','','first_number','after_ui',0,'',1,'','after_ui','','',1,2),(269,92,'Click Profil Number 2','ui','xpath','Click Profil Number 2','/hierarchy/android.widget.FrameLayout/android.widget.LinearLayout/android.widget.FrameLayout/android.widget.LinearLayout/android.widget.FrameLayout/android.widget.FrameLayout/android.view.ViewGroup/android.widget.FrameLayout/android.widget.LinearLayout/androidx.viewpager.widget.ViewPager/android.view.ViewGroup/android.widget.LinearLayout/android.view.ViewGroup/android.widget.ScrollView/android.widget.LinearLayout/android.widget.LinearLayout[1]/android.widget.LinearLayout[1]/android.widget.FrameLayout/android.view.ViewGroup/android.widget.TextView[1]','','app','','tap','','','profil_number','after_tap','','',1,'before_tap',0,'','','','',1,1),(270,92,'Check Edit Account','ui','xpath','','/hierarchy/android.widget.FrameLayout/android.widget.LinearLayout/android.widget.FrameLayout/android.widget.FrameLayout/android.widget.FrameLayout/android.widget.FrameLayout/android.view.ViewGroup/android.widget.FrameLayout/android.widget.LinearLayout/android.widget.LinearLayout/android.view.ViewGroup/android.widget.LinearLayout/android.widget.LinearLayout/android.view.ViewGroup/android.widget.Button','','app','','none','','','','','profil_number','after_ui',0,'',1,'','after_ui','','',1,2),(271,93,'Click Edit Account','ui','xpath','Click Edit Account','/hierarchy/android.widget.FrameLayout/android.widget.LinearLayout/android.widget.FrameLayout/android.widget.FrameLayout/android.widget.FrameLayout/android.widget.FrameLayout/android.view.ViewGroup/android.widget.FrameLayout/android.widget.LinearLayout/android.widget.LinearLayout/android.view.ViewGroup/android.widget.LinearLayout/android.widget.LinearLayout/android.view.ViewGroup/android.widget.Button','//XCUIElementTypeStaticText[@name=\"Edit Account\"]','app','','tap','','','edit_account','after_tap','','',1,'before_tap',0,'','','','',1,1),(272,93,'Check Number 2','ui','xpath','Check Number 2','/hierarchy/android.widget.FrameLayout/android.widget.LinearLayout/android.widget.FrameLayout/android.widget.LinearLayout/android.widget.FrameLayout/android.widget.FrameLayout/android.view.ViewGroup/android.widget.FrameLayout/android.widget.RelativeLayout/android.view.ViewGroup/android.widget.ScrollView/android.widget.LinearLayout/androidx.recyclerview.widget.RecyclerView/android.widget.LinearLayout[2]/android.widget.FrameLayout/android.widget.LinearLayout/android.widget.LinearLayout[2]/android.widget.TextView','//XCUIElementTypeStaticText[@name=\"xl_subtitle_label\"]','app','','none','','','','','edit_account','after_ui',0,'',1,'','after_ui','','',1,2),(273,94,'Click Remove Number','ui','xpath','Click Remove Number','/hierarchy/android.widget.FrameLayout/android.widget.LinearLayout/android.widget.FrameLayout/android.widget.LinearLayout/android.widget.FrameLayout/android.widget.FrameLayout/android.view.ViewGroup/android.widget.FrameLayout/android.widget.RelativeLayout/android.view.ViewGroup/android.widget.ScrollView/android.widget.LinearLayout/androidx.recyclerview.widget.RecyclerView/android.widget.LinearLayout[2]/android.widget.FrameLayout/android.widget.LinearLayout/android.widget.LinearLayout[2]/android.widget.TextView','//XCUIElementTypeButton[@label=\"Delete\"]','app','','tap','','','remove_number','after_tap','','',1,'before_tap',0,'','','','',1,1),(274,94,'Check Button Remove','ui','xpath','Check Button Remove','/hierarchy/android.widget.FrameLayout/android.widget.LinearLayout/android.widget.FrameLayout/android.widget.FrameLayout/android.widget.FrameLayout/android.widget.FrameLayout/android.view.ViewGroup/android.widget.FrameLayout/android.widget.LinearLayout/android.widget.LinearLayout/android.widget.Button[2]','//XCUIElementTypeStaticText[@name=\"Delete\"]','app','','none','','','','','remove_number','after_ui',0,'',1,'','after_ui','','',1,2),(275,95,'Click Button Remove','ui','xpath','Button Remove','/hierarchy/android.widget.FrameLayout/android.widget.LinearLayout/android.widget.FrameLayout/android.widget.FrameLayout/android.widget.FrameLayout/android.widget.FrameLayout/android.view.ViewGroup/android.widget.FrameLayout/android.widget.LinearLayout/android.widget.LinearLayout/android.widget.Button[2]','//XCUIElementTypeStaticText[@name=\"Delete\"]','app','','tap','','','button_remove','after_tap','','',1,'before_tap',0,'','','','',1,1),(276,95,'Account Removed Successfully','ui','xpath','Account Removed Successfully','/hierarchy/android.widget.FrameLayout/android.widget.LinearLayout/android.widget.FrameLayout/android.widget.LinearLayout/android.view.ViewGroup/android.view.ViewGroup/android.widget.LinearLayout/android.widget.Button','//XCUIElementTypeStaticText[@name=\"Account Removed Successfully\"]','app','','none','','','','','button_remove','after_ui',0,'',1,'','after_ui','','',1,2),(277,96,'Click Done','ui','xpath','Click Done','/hierarchy/android.widget.FrameLayout/android.widget.LinearLayout/android.widget.FrameLayout/android.widget.LinearLayout/android.view.ViewGroup/android.view.ViewGroup/android.widget.LinearLayout/android.widget.Button','//XCUIElementTypeStaticText[@name=\"Back to Accounts\"]','app','','tap','','','click_done','after_tap','','',1,'before_tap',0,'','','','',1,1),(278,96,'Check Page Edit Account','ui','xpath','Check Page Edit Account','/hierarchy/android.widget.FrameLayout/android.widget.LinearLayout/android.widget.FrameLayout/android.widget.LinearLayout/android.widget.FrameLayout/android.widget.FrameLayout/android.view.ViewGroup/android.widget.FrameLayout/android.widget.RelativeLayout/android.view.ViewGroup/android.widget.ScrollView/android.widget.LinearLayout/android.widget.LinearLayout[1]/android.widget.FrameLayout/android.widget.LinearLayout/android.widget.TextView','//XCUIElementTypeNavigationBar[@name=\"Edit Account\"]','app','','none','','','','','click_done','after_ui',0,'',1,'','after_ui','','',1,2),(280,71,'Check Dashboard','back_until_ui','xpath','Check Dashboard','//android.widget.FrameLayout[@content-desc=\"Dashboard\"]/android.widget.ImageView','//XCUIElementTypeButton[@name=\"Dashboard\"]','app','','tap','','','','','','',0,'',0,'','','','',1,1),(281,90,'Check Dashboard','back_until_ui','xpath','Check Dashboard','//android.widget.FrameLayout[@content-desc=\"Dashboard\"]/android.widget.ImageView','//XCUIElementTypeButton[@name=\"Dashboard\"]','app','','tap','','','','','','',0,'',0,'','','','',1,1),(282,50,'Check Dashboard','back_until_ui','xpath','Check Dashboard','/hierarchy/android.widget.FrameLayout/android.widget.LinearLayout/android.widget.FrameLayout/android.widget.LinearLayout/android.widget.FrameLayout/android.widget.FrameLayout/android.view.ViewGroup/android.widget.FrameLayout/android.widget.LinearLayout/androidx.viewpager.widget.ViewPager/android.view.ViewGroup/android.widget.LinearLayout/android.view.ViewGroup/android.widget.ScrollView/android.widget.LinearLayout/android.widget.LinearLayout[3]/android.widget.LinearLayout/android.widget.LinearLayout[2]/android.widget.LinearLayout/android.widget.LinearLayout/android.widget.FrameLayout/android.widget.LinearLayout/android.widget.LinearLayout/android.view.ViewGroup/android.widget.TextView','//XCUIElementTypeButton[@name=\"Dashboard\"]','app','','','','','','','','',0,'',0,'','','','',1,1),(293,97,'Click Profil','ui','xpath','Click Profil','//android.widget.FrameLayout[@content-desc=\"Profile\"]/android.widget.ImageView','','app','','tap','','','','','','',0,'',0,'','','',NULL,0,1),(294,97,'Scroll Down','exec','','Scroll Down','run_adb_command(\"shell input swipe 500 1000 500 250 800\")','','app','','none','','','','','','',0,'',0,'','','',NULL,0,2),(295,97,'Click Logout','ui','xpath','Click Logout','//*[@resource-id=\"com.apps.MyXL:id/7ff\"]','','app','','tap','','','','','','',0,'',0,'','','',NULL,0,3),(296,97,'Click Confirmation Logout','ui','xpath','Click Confirmation Logout','//*[@resource-id=\"com.apps.MyXL:id/6eo\"]','','app','','tap','','','','','','',0,'',0,'','','',NULL,0,4),(312,102,'Close \"1 Quota for All\"','do_if_ui','xpath','1 Quota for All','//android.widget.FrameLayout[@content-desc=\"Profile\"]/android.view.ViewGroup/android.widget.TextView','//XCUIElementTypeApplication[@name=\"myXL\"]/XCUIElementTypeWindow/XCUIElementTypeOther[2]/XCUIElementTypeOther[2]/XCUIElementTypeButton','app','5','tap','','','','','','',0,'',0,'','','ios','',1,2),(313,102,'Scroll Down','exec','','Scroll Down','run_adb_command(\"shell input swipe 500 2000 500 100 2000\")','d.swipe_up()','app','','none','','','','','','',0,'',0,'','','android','',0,3),(314,102,'Click Keluar','ui','xpath','Click Keluar','//*[@resource-id=\"com.apps.MyXL:id/p6\"]','//XCUIElementTypeStaticText[@name=\"Logout\"]','app','','tap','','','','','','',0,'',0,'','','android','',0,4),(315,102,'Check Dashboard','ui','xpath','Check Dashboard Logout','/hierarchy/android.widget.FrameLayout/android.widget.LinearLayout/android.widget.FrameLayout/android.widget.LinearLayout/android.widget.FrameLayout/android.widget.FrameLayout/android.view.ViewGroup/android.widget.FrameLayout/android.view.ViewGroup/android.view.ViewGroup[2]/android.widget.LinearLayout[2]/android.widget.LinearLayout/android.widget.Button','//XCUIElementTypeStaticText[@name=\"Continue\"]','app','60','none','','','','','logout','after_ui',0,'',1,'','after_ui','','',1,10),(316,38,'Clear Session','app_clear','','Clear Session','','','app','','none','','','','','','',0,'',0,'','','','',1,2),(317,38,'Click Skip Update','ui','xpath','Skip Update','//*[@resource-id=\"com.apps.MyXL:id/363\"]','//XCUIElementTypeButton[@name=\"Skip\"]','','','tap','','','','','','',0,'',0,'','','ios','',0,10),(318,38,'Check Term and Condition Login','ui','xpath','Click Term and Condition Login','/hierarchy/android.widget.FrameLayout/android.widget.LinearLayout/android.widget.FrameLayout/android.widget.LinearLayout/android.widget.FrameLayout/android.widget.FrameLayout/android.view.ViewGroup/android.widget.FrameLayout/android.view.ViewGroup/android.view.ViewGroup[2]/android.widget.LinearLayout[1]/android.widget.CheckBox','//XCUIElementTypeButton[@name=\"xl_label\"]','app','','none','','','','','click_skip','after_ui',0,'',1,'','after_ui','','',1,13),(319,38,'Check Button \"Yes, I am XL user\"','ui','xpath','Button \"Yes, I am XL user\"','//*[@resource-id=\"com.apps.MyXL:id/1o1\"]','//XCUIElementTypeButton[@name=\"xl_primary_button\"]','','','','','','','','click_skip','after_ui',0,'',1,'','after_ui','ios',NULL,0,14),(320,102,'Click Konfirmasi Keluar','ui','xpath','Click Konfirmasi Keluar','//*[@resource-id=\"com.apps.MyXL:id/1bh\"]','//XCUIElementTypeButton[@name=\"xl_primary_button\"][@label=\"Logout\"]','app','','tap','','','','','','',0,'',0,'','','android','',0,5),(321,38,'Check While Using The App','ui','xpath','Click While Using The App','//*[@resource-id=\"com.android.permissioncontroller:id/permission_allow_foreground_only_button\"]','','system','','tap','','','','','click_yes','after_ui',0,'before_tap',1,'','after_ui','android',NULL,0,17),(322,38,'Check Dashboard','ui','xpath','Check Dashboard','//android.widget.FrameLayout[@content-desc=\"Dashboard\"]/android.widget.ImageView','//XCUIElementTypeButton[@name=\"Dashboard\"]','app','','none','','','','','','',0,'',0,'','','',NULL,0,24),(323,98,'Click Skip','ui','xpath','Click Skip','//*[@resource-id=\"com.apps.MyXL:id/363\"]','','app','','tap','','','','','','',0,'',0,'','','',NULL,1,1),(324,98,'Click Term and Condition login','ui','xpath','Term & Condition Login','//*[@resource-id=\"com.apps.MyXL:id/11f\"]','','app','','tap','','','','','','',0,'',0,'','','',NULL,1,2),(325,98,'Click Yes, I am XL user','ui','xpath','Yes, I am XL user','//*[@resource-id=\"com.apps.MyXL:id/1o1\"]','','app','','tap','','','','','','',0,'',0,'','','',NULL,1,3),(326,98,'Click While Using The App','ui','xpath','While Using The App','//*[@resource-id=\"com.android.permissioncontroller:id/permission_allow_foreground_only_button\"]','','app','','tap','','','xl_user','after_tap','','',1,'before_tap',0,'','','',NULL,1,4),(327,98,'Check XL Prepaid','ui','xpath','XL Prepaid','/hierarchy/android.widget.FrameLayout/android.widget.LinearLayout/android.widget.FrameLayout/android.widget.LinearLayout/android.widget.FrameLayout/android.view.ViewGroup/android.widget.FrameLayout/android.view.ViewGroup/android.view.ViewGroup/android.widget.LinearLayout/android.widget.LinearLayout/androidx.recyclerview.widget.RecyclerView/android.widget.LinearLayout[1]/android.widget.FrameLayout/android.widget.LinearLayout/android.widget.LinearLayout/android.widget.TextView[1]','','app','','none','','','','','xl_user','after_ui',0,'',1,'','after_ui','',NULL,1,5),(331,105,'Click Yes, I am XL user','ui','xpath','Click Yes, I am XL user','/hierarchy/android.widget.FrameLayout/android.widget.LinearLayout/android.widget.FrameLayout/android.widget.LinearLayout/android.widget.FrameLayout/android.widget.FrameLayout/android.view.ViewGroup/android.widget.FrameLayout/android.view.ViewGroup/android.view.ViewGroup[2]/android.widget.LinearLayout[2]/android.widget.LinearLayout/android.widget.Button','//XCUIElementTypeButton[@name=\"xl_primary_button\"]','app','','tap','','','','','','',0,'',0,'','','android','',1,3),(332,105,'Click While Using The App','exec','','Check While Using The App','run_adb_command(\"shell input tap 544 2007\")','','app','','tap','5','','','','','',0,'',0,'','','android','',1,5),(336,106,'Click View My Package','ui','xpath','View My Package','//*[@resource-id=\"com.apps.MyXL:id/4b5\"]','//XCUIElementTypeButton[@name=\"xl_card_button\"]','app','','tap','5','','','','','',0,'before_tap',0,'','','android','',0,1),(337,106,'Check Xtra Combo','ui','xpath','Xtra Combo','/hierarchy/android.widget.FrameLayout/android.widget.LinearLayout/android.widget.FrameLayout/android.widget.LinearLayout/android.widget.FrameLayout/android.widget.FrameLayout/android.view.ViewGroup/android.widget.FrameLayout/android.view.ViewGroup/androidx.viewpager.widget.ViewPager/androidx.recyclerview.widget.RecyclerView/android.widget.FrameLayout/android.view.ViewGroup/android.view.ViewGroup[1]/android.widget.ScrollView/android.widget.LinearLayout/androidx.recyclerview.widget.RecyclerView/android.widget.LinearLayout/android.widget.LinearLayout/androidx.recyclerview.widget.RecyclerView/android.widget.LinearLayout/androidx.cardview.widget.CardView/android.widget.LinearLayout/android.widget.LinearLayout[1]/android.widget.ImageView[1]','//XCUIElementTypeStaticText[@name=\"xl_title_label\"]','app','','none','','','','','my_package','after_ui',0,'',1,'','after_ui','','',1,4),(341,38,'Click OK','ui','xpath','Click OK','//*[@resource-id=\"com.apps.MyXL:id/1vk\"]','','app','','tap','','','','','','',0,'',0,'','','android',NULL,0,19),(342,38,'Click Quota for All','ui','xpath','Quota for All','//*[@resource-id=\"com.apps.MyXL:id/41h\"]','','app','','tap','','','xl_user','before_tap','','',1,'after_tap',0,'','','',NULL,0,23),(344,38,'Close Application','app_close','','Close Application','','','app','','none','10','','','','','',0,'',0,'','','',NULL,0,21),(345,38,'Open Application','app_open','','Open Application','','','app','','tap','','','','','','',0,'',0,'','','',NULL,0,22),(346,106,'Click View My Package','ui','xpath','View My Package','/hierarchy/android.widget.FrameLayout/android.widget.LinearLayout/android.widget.FrameLayout/android.widget.LinearLayout/android.widget.FrameLayout/android.widget.FrameLayout/android.view.ViewGroup/android.widget.FrameLayout/android.widget.LinearLayout/androidx.viewpager.widget.ViewPager/android.view.ViewGroup/android.widget.LinearLayout/android.view.ViewGroup/android.widget.ScrollView/android.widget.LinearLayout/android.widget.LinearLayout[3]/android.widget.LinearLayout/android.widget.LinearLayout[3]/android.widget.LinearLayout/android.widget.LinearLayout/android.widget.LinearLayout/androidx.cardview.widget.CardView/android.widget.LinearLayout/android.widget.LinearLayout[2]/android.widget.LinearLayout/android.widget.TextView','//XCUIElementTypeButton[@name=\"xl_card_button\"]','app','','tap','10','','my_package','after_tap','','',1,'before_tap',0,'','','','',1,3),(348,102,'Scroll Down','exec','','Scroll Down','run_adb_command(\"shell input swipe 500 2000 500 100 2000\")','d.swipe_up()','app','','none','','','','','','',0,'',0,'','','','',1,7),(349,102,'Click Keluar','ui','xpath','Click Keluar','/hierarchy/android.widget.FrameLayout/android.widget.LinearLayout/android.widget.FrameLayout/android.widget.LinearLayout/android.widget.FrameLayout/android.widget.FrameLayout/android.view.ViewGroup/android.widget.FrameLayout/android.widget.LinearLayout/androidx.viewpager.widget.ViewPager/android.view.ViewGroup/android.view.ViewGroup/android.widget.ScrollView/android.view.ViewGroup/android.widget.RelativeLayout/android.widget.LinearLayout[1]/android.widget.LinearLayout/android.widget.LinearLayout[2]/android.widget.Button','//XCUIElementTypeStaticText[@name=\"Logout\"]','app','','tap','','','','','','',0,'',0,'','','','',1,8),(350,102,'Click Konfirmasi Keluar','ui','xpath','Click Konfirmasi Keluar','/hierarchy/android.widget.FrameLayout/android.widget.LinearLayout/android.widget.FrameLayout/android.widget.FrameLayout/android.widget.FrameLayout/android.widget.FrameLayout/android.view.ViewGroup/android.widget.FrameLayout/android.view.ViewGroup/android.widget.LinearLayout/android.widget.Button[2]','//XCUIElementTypeButton[@name=\"xl_primary_button\"][@label=\"Logout\"]','app','','tap','','','logout','after_tap','','',1,'before_tap',0,'','','','',1,9),(355,102,'Click Profile','ui','xpath','Click Profil 1','//android.widget.FrameLayout[@content-desc=\"Profile\"]/android.view.ViewGroup/android.widget.TextView','//XCUIElementTypeButton[@name=\"Profile\"]','app','','tap','','','','','','',0,'',0,'','','','',1,6),(357,67,'Allow Camera','ui','xpath','Allow Camera','//*[@resource-id=\"com.android.permissioncontroller:id/permission_allow_button\"]','//XCUIElementTypeButton[@label=\"OK\"]','system','','tap','','','','','','',0,'',0,'','','','',1,2),(358,38,'Allow \"myXL\" Would Like to Send You Notification','ui','xpath','Allow Button','','//XCUIElementTypeButton[@name=\"Allow\"]','system','','tap','','','','','','',0,'',0,'','','ios','',1,8),(359,38,'Allow \"myXL\" to track your activity','do_while_ui','xpath','Allow Button','','//XCUIElementTypeButton[@name=\"Allow\"]','system','','tap','','','','','','',0,'',0,'','','ios',NULL,0,15),(360,38,'Click OK','ui','xpath','Click OK','//*[@resource-id=\"com.apps.MyXL:id/1vk\"]','//XCUIElementTypeButton[@label=\"OK\"]','app','','tap','','','','','click_yes','after_ui',0,'',1,'','after_ui','ios',NULL,0,16),(363,105,'Click Term and Condition Login','ui','xpath','Click Term and Condition Login','/hierarchy/android.widget.FrameLayout/android.widget.LinearLayout/android.widget.FrameLayout/android.widget.LinearLayout/android.widget.FrameLayout/android.widget.FrameLayout/android.view.ViewGroup/android.widget.FrameLayout/android.view.ViewGroup/android.view.ViewGroup[2]/android.widget.LinearLayout[1]/android.widget.CheckBox','//XCUIElementTypeButton[@name=\"xl_label\"]','app','','tap','','','','','','',0,'',0,'','','','',1,2),(364,105,'Click Button OK','ui','xpath','Button OK','//*[@resource-id=\"com.apps.MyXL:id/1vk\"]','//XCUIElementTypeButton[@label=\"OK\"]','app','','tap','','','','','','',0,'',0,'','','ios','device.platform_name = \'ios\'',1,22),(367,102,'Check Dashboard','back_until_ui','xpath','Button Dashboard','/hierarchy/android.widget.FrameLayout/android.widget.LinearLayout/android.widget.FrameLayout/android.widget.LinearLayout/android.widget.FrameLayout/android.widget.FrameLayout/android.view.ViewGroup/android.widget.FrameLayout/android.widget.LinearLayout/androidx.viewpager.widget.ViewPager/android.view.ViewGroup/android.widget.LinearLayout/android.view.ViewGroup/android.widget.ScrollView/android.widget.LinearLayout/android.widget.LinearLayout[3]/android.widget.LinearLayout/android.widget.LinearLayout[2]/android.widget.LinearLayout/android.widget.LinearLayout/android.widget.FrameLayout/android.widget.LinearLayout/android.widget.LinearLayout/android.view.ViewGroup/android.widget.TextView','//XCUIElementTypeButton[@name=\"Dashboard\"]','','','','','','','','','',0,'',0,'','','','',1,1),(368,62,'Input Balance Nominal Tap','exec','','Balance Nominal','run_adb_command(\"shell input tap  545 731\")','//XCUIElementTypeTextField[@name=\"xl_textfield\"]','app','','tap','10','','','','','',0,'',0,'','','android','device.operator_name in (\'AXIS\',\'XL\',\'Telkomsel\')',1,1),(369,106,'Close \"1 Quota for All\"','do_if_ui','xpath','1 Quota for All','','//XCUIElementTypeApplication[@name=\"myXL\"]/XCUIElementTypeWindow/XCUIElementTypeOther[2]/XCUIElementTypeOther[2]/XCUIElementTypeButton','app','5','tap','','','','','','',0,'',0,'','','ios','',1,2),(370,39,'Check Dashboard','back_until_ui','xpath','check_dashboard_myXL1','//android.widget.FrameLayout[@content-desc=\"Dashboard\"]/android.widget.ImageView','//XCUIElementTypeButton[@name=\"Dashboard\"]','app','','','','','','','','',0,'',0,'','','','',1,1),(371,102,'Check Dashboard','ui','xpath','Dashboard','//android.widget.FrameLayout[@content-desc=\"Dashboard\"]/android.widget.ImageView','//XCUIElementTypeButton[@name=\"Dashboard\"]','','','none','','','','','click_yess','after_ui',0,'',1,'','after_ui','','',0,6),(373,105,'Check Dashboard','ui','xpath','Button Dashboard','//android.widget.FrameLayout[@content-desc=\"Dashboard\"]/android.widget.ImageView','//XCUIElementTypeButton[@name=\"Dashboard\"]','app','60','none','','','','','click_yess','after_ui',0,'',1,'','after_ui','android','',1,24),(377,38,'Click Skip Android','exec','','Click Skip Android','run_adb_command(\"shell input tap 994 107\")','','app','','tap','10','','click_skip','after_exec','','',1,'before_exec',0,'','','android','',1,12),(379,105,'Click Enjoy The Latest Version of myXL!','exec','','Click Enjoy The Latest Version of myXL!','run_adb_command(\"shell input tap 539 2149\")','','app','','tap','35','','','','','',0,'',0,'','','android','',0,17),(380,105,'Close Qouta for All','exec','','Check While Using The App','run_adb_command(\"shell input tap 1009 1297\")','','app','','tap','20','','click_yess','after_exec','','',1,'before_exec',0,'','','android','',1,23),(381,40,'Close if ERROR','exec','','Close if ERROR','run_adb_command(\"shell input tap 532 2142\")','','app','','tap','','','','','','',0,'',0,'','','android','',0,3),(382,61,'CLOSE IF ERROR','exec','','run_adb_command(\"shell input tap 532 2142\")','run_adb_command(\"shell input tap 532 2142\")','','app','','tap','','','','','','',0,'',0,'','','android','',1,3),(383,105,'Click Yes, I am XL user','ui','xpath','Click Yes, I am XL user','//*[@resource-id=\"com.apps.MyXL:id/4ms\"]','//XCUIElementTypeButton[@name=\"xl_primary_button\"]','app','','tap','','','click_yes','after_tap','','',1,'before_tap',0,'','','ios','',1,4),(384,39,'Close \"1 Quota for All\"','do_if_ui','xpath','1 Quota for All','','//XCUIElementTypeApplication[@name=\"myXL\"]/XCUIElementTypeWindow/XCUIElementTypeOther[2]/XCUIElementTypeOther[2]/XCUIElementTypeButton','','5','tap','','','','','','',0,'',0,'','','ios','',1,2),(385,38,'Click Skip','ui','xpath','Skip','//*[@resource-id=\"com.apps.MyXL:id/363\"]','//XCUIElementTypeButton[@name=\"Skip\"]','','','tap','','','click_skip','after_tap','','',1,'before_tap',0,'','','ios','',1,11),(386,68,'Click Input Manual','ui','xpath','Input Manual','//*[@resource-id=\"com.apps.MyXL:id/j9\"]','//XCUIElementTypeButton[@label=\"Manual input\"]','app','','tap','5','','input_manual','after_tap','','',0,'',0,'','','ios','',0,2),(388,65,'Close Application','app_close','','Close Application','','','','','','','','','','','',0,'',0,'','','ios','',1,1),(389,65,'Open Application','app_open','','Open Application','','','','','','','','','','','',0,'',0,'','','ios','',1,2),(390,65,'Check Dashboard iOS','ui','xpath','Check Dashboard iOS','//android.widget.FrameLayout[@content-desc=\"Dashboard\"]/android.widget.ImageView','//XCUIElementTypeButton[@name=\"Dashboard\"]','app','','','','','','','','',0,'',0,'','','ios','',1,3),(391,105,'Click XL Prepaid (AXIS ONLY)','ui','xpath','Check While Using The App','/hierarchy/android.widget.FrameLayout/android.widget.LinearLayout/android.widget.FrameLayout/android.widget.LinearLayout/android.widget.FrameLayout/android.view.ViewGroup/android.widget.FrameLayout/android.view.ViewGroup/android.view.ViewGroup/android.widget.LinearLayout/android.widget.LinearLayout/androidx.recyclerview.widget.RecyclerView/android.widget.LinearLayout[1]/android.widget.FrameLayout/android.widget.LinearLayout/android.widget.LinearLayout/android.widget.TextView[1]','//XCUIElementTypeStaticText[@label=\"XL Prepaid\"]','app','','tap','10','','','','','',0,'',0,'','','','device.operator_name in (\'AXIS\',\'Telkomsel\',\'WIFI\')',1,6),(392,105,'Input Number XL (AXIS, TSEL, WIFI ONLY)','ui','xpath','Input Number XL (WIFI ONLY)','/hierarchy/android.widget.FrameLayout/android.widget.LinearLayout/android.widget.FrameLayout/android.widget.LinearLayout/android.widget.FrameLayout/android.view.ViewGroup/android.widget.FrameLayout/android.widget.LinearLayout/android.widget.LinearLayout[2]/android.widget.LinearLayout/android.widget.LinearLayout/android.view.ViewGroup/android.widget.LinearLayout/android.widget.FrameLayout/android.widget.EditText','//XCUIElementTypeStaticText[@label=\"XL Number\"]','app','','input','','{{device[\"params\"][\"number1\"]}}','','','','',0,'',0,'','','','device.operator_name in (\'AXIS\',\'Telkomsel\',\'WIFI\') ',1,7),(393,105,'Click Continue (AXIS, Telkomsel, WIFI ONLY)','ui','xpath','Input Number XL (WIFI ONLY)','//android.widget.Button[@content-desc=\"Touch on Lanjutkan Login Input MSISDN\"]','//XCUIElementTypeButton[@label=\"Continue\"]','app','','tap','','','','','','',0,'',0,'','','','device.operator_name in (\'AXIS\',\'Telkomsel\',\'WIFI\')',1,8),(394,38,'Allow \"myXL\" to track your activity','do_if_ui','xpath','Allow Button','','//XCUIElementTypeButton[@name=\"Allow\"]','','25','tap','','','','','','',0,'',0,'','','ios','',1,1),(395,105,'Allow \"myXL\" to track your activity','ui','xpath','Allow Button','','//XCUIElementTypeButton[@name=\"Allow\"]','app','60','tap','','','','','click_yes','after_ui',0,'',1,'','before_tap','ios','',1,20),(396,38,'Open Application myXL','app_open','','','','','app','','','','','','','','',0,'',0,'','','android','',0,4),(397,74,'Read OTP SMS','readotpsms','','Read OTP SMS','any_param[\"otp_sender\"] = \"XL-Axiata\"\r\nany_param[\"otp_after_text\"] = \"Your OTP for Login is \"\r\nany_param[\"otp_length\"] = 6','','','','','','','','','','',0,'',0,'','','ios','',1,5),(398,74,'Input Number OTP 1','ui','xpath','Input Number OTP 1','','//XCUIElementTypeTextField[@name=\"xl_otp_textfield\"][1]','','','input','','{{otp[0]}}','','','','',0,'',0,'','','ios','',1,6),(399,74,'Input Number OTP 2','ui','xpath','Input Number OTP 2','','//XCUIElementTypeTextField[@name=\"xl_otp_textfield\"][2]','','','input','','{{otp[1]}}','','','','',0,'',0,'','','ios','',1,7),(400,74,'Input Number OTP 3','ui','xpath','Input Number OTP 3','','//XCUIElementTypeTextField[@name=\"xl_otp_textfield\"][3]','','','input','','{{otp[2]}}','','','','',0,'',0,'','','ios','',1,8),(401,74,'Input Number OTP 4','ui','xpath','Input Number OTP 4','','//XCUIElementTypeTextField[@name=\"xl_otp_textfield\"][4]','','','input','','{{otp[3]}}','','','','',0,'',0,'','','ios','',1,9),(402,74,'Input Number OTP 5','ui','xpath','Input Number OTP 5','','//XCUIElementTypeTextField[@name=\"xl_otp_textfield\"][5]','','','input','','{{otp[4]}}','','','','',0,'',0,'','','ios','',1,10),(403,74,'Input Number OTP 6','ui','xpath','Input Number OTP 6','','//XCUIElementTypeTextField[@name=\"xl_otp_textfield\"][6]','','','input','','{{otp[5]}}','','','','',0,'',0,'','','ios','',1,11),(404,74,'Account Added Successfully','ui','xpath','Account Added Successfully','','//XCUIElementTypeStaticText[@name=\"Account Added Successfully\"]','app','','none','','','','','input_number','after_ui',0,'',1,'','after_ui','ios','',1,12),(405,42,'Click Icon Xtra Combo Mini','ui','xpath','Xtra Combo Mini','/hierarchy/android.widget.FrameLayout/android.widget.LinearLayout/android.widget.FrameLayout/android.widget.LinearLayout/android.widget.FrameLayout/android.widget.FrameLayout/android.view.ViewGroup/android.widget.FrameLayout/android.view.ViewGroup/android.view.ViewGroup/android.widget.ScrollView/android.widget.LinearLayout/androidx.recyclerview.widget.RecyclerView/android.widget.LinearLayout[3]/android.view.ViewGroup/android.widget.FrameLayout/android.widget.RelativeLayout/android.view.ViewGroup/android.widget.LinearLayout/android.widget.LinearLayout/android.widget.RelativeLayout/android.widget.TextView','//XCUIElementTypeStaticText[@label=\"Xtra Combo Mini\"]','app','','tap','5','','Xtra Combo Mini','after_tap','','',1,'before_tap',0,'','','','device.operator_name = \'AXIS\'',0,4),(406,105,'Click OK \"ENJOY\"','ui','xpath','Click OK \"ENJOY\"','/hierarchy/android.widget.FrameLayout/android.widget.LinearLayout/android.widget.FrameLayout/android.widget.LinearLayout/android.widget.FrameLayout/android.view.ViewGroup/android.widget.FrameLayout/android.widget.RelativeLayout/android.widget.Button','509 - 2210','app','','tap','10','','','','','',0,'',0,'','','android','',1,18),(407,105,'Click XL Prepaid (WIFI ONLY FOR IOS)','ui','xpath','Click Yes, I am XL user','//*[@resource-id=\"com.apps.MyXL:id/4ms\"]','//XCUIElementTypeStaticText[@label=\"XL Prepaid\"]','app','','tap','','','','','','',1,'before_tap',0,'','','ios','device.operator_name = \'WiFi\'',0,16),(408,105,'Input Number OTP 1','ui','xpath','Input Number OTP 1','','//XCUIElementTypeTextField[@name=\"xl_otp_textfield\"][1]','','','input','','{{otp[0]}}','','','','',0,'',0,'','','ios','device.operator_name in (\'AXIS\',\'Telkomsel\',\'WiFi\')',1,10),(409,105,'Read OTP SMS (FOR IOS)','readotpsms','','Read OTP SMS (FOR IOS)','any_param[\"otp_sender\"] = \"XL-Axiata\"\r\nany_param[\"otp_after_text\"] = \"Your OTP for Login is \"\r\nany_param[\"otp_length\"] = 6','','','','','','','','','','',0,'',0,'','','ios','device.operator_name in (\'AXIS\',\'Telkomsel\',\'WiFi\')',1,9),(410,105,'Input Number OTP 2','ui','xpath','Input Number OTP 2','','//XCUIElementTypeTextField[@name=\"xl_otp_textfield\"][2]','','','input','','{{otp[1]}}','','','','',0,'',0,'','','ios','device.operator_name in (\'AXIS\',\'Telkomsel\',\'WiFi\')',1,11),(411,105,'Input Number OTP 3','ui','xpath','Input Number OTP 3','','//XCUIElementTypeTextField[@name=\"xl_otp_textfield\"][3]','','','input','','{{otp[2]}}','','','','',0,'',0,'','','ios','device.operator_name in (\'AXIS\',\'Telkomsel\',\'WiFi\')',1,12),(412,105,'Input Number OTP 4','ui','xpath','Input Number OTP 4','','//XCUIElementTypeTextField[@name=\"xl_otp_textfield\"][4]','','','input','','{{otp[3]}}','','','','',0,'',0,'','','ios','device.operator_name in (\'AXIS\',\'Telkomsel\',\'WiFi\')',1,13),(413,105,'Input Number OTP 5','ui','xpath','Input Number OTP 5','','//XCUIElementTypeTextField[@name=\"xl_otp_textfield\"][5]','','','input','','{{otp[4]}}','','','','',0,'',0,'','','ios','device.operator_name in (\'AXIS\',\'Telkomsel\',\'WiFi\')',1,14),(414,105,'Input Number OTP 6','ui','xpath','Input Number OTP 6','','//XCUIElementTypeTextField[@name=\"xl_otp_textfield\"][6]','','','input','','{{otp[5]}}','','','','',0,'',0,'','','ios','device.operator_name in (\'AXIS\',\'Telkomsel\',\'WiFi\')',1,15),(415,50,'Close \"1 Quota for All\"','do_if_ui','xpath','1 Quota for All','','//XCUIElementTypeApplication[@name=\"myXL\"]/XCUIElementTypeWindow/XCUIElementTypeOther[2]/XCUIElementTypeOther[2]/XCUIElementTypeButton','app','5','tap','','','','','','',0,'',0,'','','ios','',1,2),(416,55,'Close \"1 Quota for All\"','do_if_ui','xpath','1 Quota for All','','//XCUIElementTypeApplication[@name=\"myXL\"]/XCUIElementTypeWindow/XCUIElementTypeOther[2]/XCUIElementTypeOther[2]/XCUIElementTypeButton','app','5','tap','','','','','','',0,'',0,'','','ios','',1,2),(417,59,'Close \"1 Quota for All\"','do_if_ui','xpath','1 Quota for All','','//XCUIElementTypeApplication[@name=\"myXL\"]/XCUIElementTypeWindow/XCUIElementTypeOther[2]/XCUIElementTypeOther[2]/XCUIElementTypeButton','app','5','tap','','','','','','',0,'',0,'','','ios','',1,3),(418,65,'Close \"1 Quota for All\"','do_if_ui','xpath','1 Quota for All','','//XCUIElementTypeApplication[@name=\"myXL\"]/XCUIElementTypeWindow/XCUIElementTypeOther[2]/XCUIElementTypeOther[2]/XCUIElementTypeButton','app','5','tap','','','','','','',0,'',0,'','','ios','',1,4),(420,42,'Click Icon Xtra Combo Mini (XL-XL)','exec','','Xtra Combo Mini','//android.widget.TextView[@text=\"Xtra Combo Mini\"]','//XCUIElementTypeStaticText[@label=\"Xtra Combo Mini\"]\r\nrun_adb_command(\"shell input tap 516 1769\")','app','','tap','10','','Xtra Combo Mini','after_exec','','',1,'before_exec',0,'','','','device.operator_name = \'XL\'',1,1),(421,44,'Click Icon Main Package (WiFi)','exec','','Click Icon Main Package (XL)','run_adb_command(\"shell input tap  155 482\")','','app','','tap','','','main_xl','after_exec','','',1,'before_exec',0,'','','','device.operator_name = \'WiFi\'',1,3),(422,44,'Check Xtra Combo Mini','ui','xpath','Xtra Combo Mini','/hierarchy/android.widget.FrameLayout/android.widget.LinearLayout/android.widget.FrameLayout/android.widget.LinearLayout/android.widget.FrameLayout/android.widget.FrameLayout/android.view.ViewGroup/android.widget.FrameLayout/android.view.ViewGroup/android.view.ViewGroup/android.widget.ScrollView/android.widget.LinearLayout/androidx.recyclerview.widget.RecyclerView/android.widget.LinearLayout[4]/android.view.ViewGroup/android.widget.FrameLayout/android.widget.RelativeLayout/android.view.ViewGroup/android.widget.LinearLayout/android.widget.LinearLayout/android.widget.RelativeLayout/android.widget.TextView','//XCUIElementTypeStaticText[@label=\"Xtra Combo Mini\"]','app','','none','','','','','main_xl','after_ui',0,'before_tap',1,'','after_ui','','device.operator_name = \'WiFi\'',1,4),(423,50,'Click Xl Care (WIFI)','exec','','Xl Care','run_adb_command(\"shell input tap  684 2193\")','//XCUIElementTypeButton[@name=\"XL Care\"]','app','','tap','','','xl_care_wifi','after_exec','','',1,'before_exec',0,'','','','device.operator_name = \'WiFi\'',1,5),(424,50,'Check Live Chat (wifi)','ui','xpath','Live Chat','/hierarchy/android.widget.FrameLayout/android.widget.LinearLayout/android.widget.FrameLayout/android.widget.LinearLayout/android.widget.FrameLayout/android.widget.FrameLayout/android.view.ViewGroup/android.widget.FrameLayout/android.widget.LinearLayout/androidx.viewpager.widget.ViewPager/android.view.ViewGroup/android.view.ViewGroup/android.widget.ScrollView/android.widget.LinearLayout/android.widget.LinearLayout[2]/androidx.recyclerview.widget.RecyclerView/android.widget.LinearLayout[3]/android.widget.LinearLayout/android.widget.TextView','//XCUIElementTypeStaticText[@label=\"Live Chat\"]','app','','none','','','','','xl_care_wifi','after_ui',0,'',1,'','after_ui','','device.operator_name = \'WiFi\'',1,6),(425,51,'Click Live Chat (wifi)','exec','','Live Chat','run_adb_command(\"shell input tap  639 941\")','//XCUIElementTypeStaticText[@label=\"Live Chat\"]','app','','tap','','','live_chat_wifi','after_exec','','',1,'before_exec',0,'','','','device.operator_name = \'WiFi\'',1,3),(426,51,'Check Dashboard Live Chat (wifi)','ui','xpath','Check_Dashboard_Chat','/hierarchy/android.widget.FrameLayout/android.widget.LinearLayout/android.widget.FrameLayout/android.widget.LinearLayout/android.widget.FrameLayout/android.widget.FrameLayout/android.widget.FrameLayout/android.view.ViewGroup/android.webkit.WebView/android.webkit.WebView/android.view.View/android.view.View/android.view.View[1]/android.view.View[1]/android.widget.Image','//XCUIElementTypeStaticText[@name=\"Maya\"]','app','','none','','','','','live_chat_wifi','after_ui',0,'before_tap',1,'','after_ui','','device.operator_name = \'WiFi\'',1,4);

/*Data for the table `tb_list_cat` */

insert  into `tb_list_cat`(`id`,`name`,`tag`,`type`) values (1,'Published','published','number'),(2,'Signal Level','signal_level','number'),(3,'Response Time','response_time','number'),(5,'Journey Detail Task Type','journey_detail_task_type','text'),(6,'User Experience Index','user_experience_index','number'),(7,'IT Availability','it_availability','number'),(8,'End User Availability','end_user_availability','number'),(9,'Performance Analysis Response Time','performance_analysis_response_time','number'),(10,'NVT Response Time','response_time_nvt','number'),(11,'Option Yes No','option_yes_no','number'),(12,'Device Status','device_status','number'),(13,'Application','application','text'),(14,'Journey Detail Task Action','journey_detail_task_action','text'),(15,'Journey Detail Task Find By','journey_detail_task_find_by','text'),(16,'Journey Detail Task Handler','journey_detail_task_handler','text'),(17,'Journey Detail Task When','journey_detail_task_when','text'),(18,'Journey Type','journey_type','text'),(19,'Platform','platform','text');

/*Data for the table `tb_list_item` */

insert  into `tb_list_item`(`id`,`list_cat_id`,`text`,`short`,`val`,`val_min`,`val_max`,`icon`,`class`) values (77,1,'No','No','0','','','','danger'),(78,1,'Yes','Yes','1','','','','success'),(79,2,'Good','Good','2','-85','999999','','success'),(80,2,'Fair','Fair','4','-99.99999','-85.00001','','warning'),(81,2,'Poor','Poor','6','-999999','-100','','danger'),(82,3,'Satisfied','Satisfied','1','0','3','','success'),(83,3,'Tolerable','Tolerable','2','3.0001','12','','warning'),(84,3,'Frustating','Frustating','3','12.001','999999','','danger'),(88,5,'User Interface','UI','ui','','','',''),(89,5,'Code Execution','Exec','exec','','','',''),(90,6,'Good','Good','0','85','100','','success'),(91,6,'Bad','Bad','1','0','84.99','','danger'),(92,7,'Good','Good','0','90','100','','success'),(93,7,'Bad','Bad','1','0','89.99','','danger'),(94,8,'Good','Good','0','90','100','','success'),(95,8,'Bad','Bad','1','0','89.99','','danger'),(96,9,'0-3 secs (Satisfied)','0-3 secs','0','0','3','',''),(97,9,'3-12 secs (Tolerable)','3-12 secs','1','3.001','12','',''),(98,9,'> 12 secs (Frustating)','>12 secs','2','12.001','60','',''),(106,10,'Fast','Fast','3','0','1.0','','success'),(107,10,'Fair','Fair','6','1.0001','2.5','','warning'),(108,10,'Slow','Slow','9','2.50001','999999','','danger'),(110,11,'No','No','0','','','','default'),(111,11,'Yes','Yes','1','','','','success'),(112,12,'Offline','OFF','0','','','fa-lightbulb-o','default'),(113,12,'Online','ON','1','','','fa-lightbulb-o','success'),(114,13,'AXISnet','AXISnet','axisnet','','','',''),(116,14,'Tap','Tap','tap','','','',''),(117,14,'Input','Input','input','','','',''),(118,15,'ID','ID','id','','','',''),(119,15,'Xpath','Xpath','xpath','','','',''),(120,16,'Application','App','app','','','',''),(121,16,'System','System','system','','','',''),(122,5,'Wait OTP','Wait OTP','waitotp','','','',''),(123,14,'None','None','none','','','',''),(124,5,'[Execution] Close Application','Close App','app_close','','','',''),(125,5,'[Execution] Open Application','Open App','app_open','','','',''),(126,5,'[Execution] Wait (Seconds)','Wait','wait','','','',''),(127,5,'[Execution] Calibrate App Size','Calib Size','calibrate_size','','','',''),(128,17,'Before UI','Before UI','before_ui','','','',''),(129,17,'After UI','After UI','after_ui','','','',''),(130,17,'Before Tap','Before Tap','before_tap','','','',''),(131,17,'After Tap','After Tap','after_tap','','','',''),(132,17,'Before Execution','Before Exec','before_exec','','','',''),(133,17,'After Execution','After Exec','after_exec','','','',''),(134,17,'Before UI OTP','Before UI OTP','before_otp_ui','','','',''),(135,17,'After UI OTP','After UI OTP','after_otp_ui','','','',''),(136,17,'Before OTP','Before OTP','before_otp','','','',''),(137,17,'After OTP Fail','After OTP Fail','after_otp_fail','','','',''),(138,17,'After OTP','After OTP','after_otp','','','',''),(139,17,'Before Input','Before Input','before_input','','','',''),(140,17,'After Input','After Input','after_input','','','',''),(141,13,'Jenius','Jenius','jenius','','','',''),(142,18,'Depending On','Depending','depending','','','',''),(143,18,'Dependent','Dependent','dependent','','','',''),(144,5,'Back Until UI','Back Till UI','back_until_ui','','','',''),(145,5,'Do While UI','Do While UI','do_while_ui','','','',''),(146,13,'myXL','myXL','myXL','','','',''),(147,13,'Pegadaian Digital','Pegadaian','Pegadaian Digital','','','',''),(148,5,'Read OTP SMS','Read OTP SMS','readotpsms','','','',''),(149,17,'Before Read OTP SMS','Before Read OTP SMS','before_read_otp_sms','','','',''),(150,17,'After Read OTP SMS','After Read OTP SMS','after_read_otp_sms','','','',''),(151,5,'[Execution] Clear Application Data','Clear App','app_clear','','','',''),(153,19,'Android','Android','android','','','',''),(154,19,'iOS','iOS','ios','','','',''),(155,5,'Do If UI','Do If UI','do_if_ui','','','',''),(156,5,'Within UI','Within UI','within_ui','','','','');

/*Data for the table `tb_local_setting` */

insert  into `tb_local_setting`(`id`,`name`,`value`,`unit`) values (1,'screenshot_path','D:\\My Cloud\\OneDrive\\MyData\\shared.localhost\\senoapmmyxllo\\userfiles\\screenshot\\monitor_journey_detail',''),(2,'apm_client_id','2','');

/*Data for the table `tb_location` */

insert  into `tb_location`(`id`,`name`,`published`) values (1,'Surabaya',1),(2,'Jakarta',1),(3,'iOS',1);

/*Data for the table `tb_main_config` */

insert  into `tb_main_config`(`name`,`value`,`updated`) values ('sender_email','notification@realdataidapm.com','2020-09-15 13:44:13'),('sender_name','Real USSD Mon','2020-09-15 13:44:13'),('user_activation','0','2020-09-15 13:44:13'),('timezone','Asia/Jakarta','2020-09-15 13:44:13'),('currency','IDR','2020-09-15 13:44:13'),('site_title','Seno <b>APM</b>','2020-09-15 13:44:13'),('site_short','SAPM','2020-09-15 13:44:13'),('meta_keywords','','2020-09-15 13:44:13'),('meta_description','','2020-09-15 13:44:13'),('usd2idr','13053','2016-10-22 10:18:34'),('contactdetail','<div class=\"address_contact_details\">\r\n<div class=\"address_detais_city\">Malindo Travel:</div>\r\n\r\n<ul>\r\n	<li><i class=\"fa fa-map-marker\"></i>Jl. Balam / Komplek Platinum Residence Block F2, Medan</li>\r\n	<li><i class=\"fa fa-envelope\"></i>info@malindo.travel</li>\r\n	<li><i class=\"fa fa-phone\"></i><a href=\"tel:+6261-42085792\">+6261 - 4208 5792</a></li>\r\n</ul>\r\n</div>\r\n\r\n<div class=\"address_contact_details\">\r\n<div class=\"address_detais_city\">Malindo Transfer:</div>\r\n\r\n<ul>\r\n	<li><i class=\"fa fa-map-marker\"></i>Rasuna Epicentrium Superblock, Epiwalk Office Suite, 5th Floor Suite B-511, Jakarta Selatan</li>\r\n	<li><i class=\"fa fa-envelope\"></i>smart.transfer@malindo.travel</li>\r\n	<li><i class=\"fa fa-phone\"></i><a href=\"tel:+622129941007\">+6221 - 2994 1007</a></li>\r\n</ul>\r\n</div>\r\n','2017-12-21 19:18:30'),('login_by','username','2020-09-15 13:44:13'),('enable_email','0','2020-09-15 13:44:13'),('enable_whatsapp','0','2020-09-15 13:44:13'),('enable_sms','0','2020-09-15 13:44:13');

/*Data for the table `tb_menu` */

insert  into `tb_menu`(`id`,`title`,`alias`,`usertype`,`published`) values (1,'Admin Menu','admin-menu',3,1),(2,'Main Menu','main-menu',3,1);

/*Data for the table `tb_menu_item` */

insert  into `tb_menu_item`(`id`,`menu_id`,`parent_id`,`title`,`alias`,`icon`,`link`,`base_controller`,`ordering`,`usertype`,`published`) values (1,1,0,'Master Data','master-data','fa-database','#','#',9,3,1),(3,1,0,'CMS','cms','fa-wordpress','#','#',13,1,1),(7,1,3,'Menu','menu','fa-bars','#','#',2,1,1),(8,1,0,'Settings','settings','fa-cogs','#','#',14,1,1),(9,1,8,'Template Pesan','template-pesan','fa-quote-left','admin/tplmessage','admin/tplmessage',1,1,1),(10,1,8,'Template Email','template-email','fa-inbox','admin/tplemail','admin/tplemail',2,1,1),(11,1,8,'Konfigurasi Utama','konfigurasi-utama','fa-cog','admin/mainconfig','admin/mainconfig',3,1,1),(12,1,0,'Logout','logout','fa-sign-out','javascript:Logout();','javascript:Logout();',15,3,1),(14,1,7,'Menu Group','menu-group','fa-bars','admin/menu','admin/menu',1,1,1),(15,1,7,'Menu Item','menu-item','fa-minus','admin/menuitem','admin/menuitem',2,1,1),(25,1,1,'Master List','kategori-list','fa-list','admin/listcat','admin/listcat',11,2,1),(32,1,0,'Report','report','fa-files-o','#','#',2,3,1),(33,2,0,'Home','home','','','',1,3,1),(34,2,0,'Layanan','layanan','','#','#',3,3,1),(35,2,0,'Paket Umroh','paket-umroh-1','','paketumroh','paketumroh',4,3,1),(36,2,0,'Kontak Kami','kontak-kami','','contactus','contactus',7,3,1),(37,2,0,'Sekolah Muthowif','sekolah-muthowif','','sekolah-muthowif','sekolah-muthowif',5,3,1),(38,2,34,'Visa','visa','','visa','visa',2,3,1),(39,2,34,'Fasilitas','fasilitas','','fasilitas','fasilitas',3,3,1),(40,2,34,'Land Arrangement','land-arrangement','','land-arrangement','land-arrangement',5,3,0),(41,2,34,'Tiket Pesawat','tiket-pesawat','','tiket-pesawat','tiket-pesawat',4,3,1),(45,2,34,'Umroh','umroh-1','','umroh','umroh',1,3,1),(46,2,0,'Mitra','mitra-malindo','','#','#',6,3,1),(51,2,0,'Tentang','tentang','','#','#',2,3,1),(52,2,51,'Tentang Kami','tentang-kami','','tentang-kami','tentang-kami',1,3,1),(53,2,51,'Visi & Misi','visi-misi','','visi-misi-malindo','visi-misi-malindo',2,3,1),(54,2,51,'Struktur','struktur','','struktur-malindo','struktur-malindo',3,3,1),(71,1,1,'Operator','operator','fa-signal','admin/operator','admin/operator',8,1,1),(72,1,1,'Location','location','fa-location-arrow','admin/location','admin/location',7,1,1),(73,1,1,'Journey','journey','fa-cubes','admin/journey','admin/journey',2,1,1),(74,1,1,'Users','users','fa-users','admin/user','admin/user',12,1,1),(76,1,0,'Raw Data','raw-data','fa-table','#','#',8,3,1),(77,1,1,'Settings','settings-1','fa-gears','admin/setting','admin/setting',10,1,1),(78,1,76,'Journey Detail','journey-detail','fa-cube','admin/rawdata/journeydetail','admin/rawdata/journeydetail',2,3,1),(79,1,76,'Journey','journey-1','fa-cubes','admin/rawdata/journey','admin/rawdata/journey',1,3,1),(80,1,32,'Executive Summary','executive-summary','fa-file-text-o','#','#',1,1,0),(81,1,32,'Dashboard','dashboard','fa-dashboard','admin/report/dashboard','admin/report/dashboard',2,3,1),(82,1,32,'Availability Analysis','availability-analysis','fa-pie-chart','admin/report/availabilityanalysis','admin/report/availabilityanalysis',3,3,1),(83,1,32,'Performance Analysis','performance-analysis','fa-line-chart','admin/report/performanceanalysis','admin/report/performanceanalysis',4,3,1),(84,1,32,'Performance Analysis L&O','performance-analysis-l-o','fa-area-chart','admin/report/performanceanalysislo','admin/report/performanceanalysislo',5,3,1),(85,1,32,'KPI Trends','kpi-trends','fa-bar-chart','admin/report/kpitrend','admin/report/kpitrend',6,3,1),(86,1,32,'Exception Data','exception-data','fa-info-circle','admin/report/exceptiondata','admin/report/exceptiondata',7,3,1),(87,1,1,'Scheduled Downtime','scheduled-downtime','fa-clock-o','admin/downtime','admin/downtime',1,3,1),(88,1,76,'NVT','nvt','fa-signal','admin/rawdata/nvt','admin/rawdata/nvt',3,3,1),(89,1,32,'Correlation','correlation','fa-dashboard','admin/report/correlation','admin/report/correlation',8,3,0),(90,1,1,'Devices','devices','fa-mobile-phone','admin/device','admin/device',6,1,1),(91,1,32,'Device Status','device-status','fa-mobile-phone','admin/report/devicestatus','admin/report/devicestatus',9,3,1),(92,1,1,'Journey Detail','journey-detail-1','fa-cube','admin/journeydetail','admin/journeydetail',4,1,1),(93,1,1,'Local Setting','local-setting','fa-gears','admin/localsetting','admin/localsetting',9,1,1),(94,1,1,'APM Clients','apm-clients','fa-sitemap','admin/apmclient','admin/apmclient',5,1,1);

/*Data for the table `tb_operator` */

insert  into `tb_operator`(`id`,`name`,`published`) values (1,'Telkomsel',1),(2,'Indosat',0),(3,'XL',1),(4,'Three',0),(5,'AXIS',1),(6,'WiFi',1);

/*Data for the table `tb_setting` */

insert  into `tb_setting`(`id`,`name`,`value`,`unit`) values (1,'interval_journey','120','seconds'),(2,'interval_journey_detail','2','seconds'),(3,'interval_repeat','25','minutes'),(4,'notify_email_level_1','arism.awar@gmail.com; riza.senosoft@gmail.com; rafiftsaqif2010@gmail.com',''),(5,'notify_email_level_2','senosoft2009@gmail.com; ejahasan@gmail.com',''),(6,'repeat_error','3','times'),(7,'nvt_command','*123#',''),(8,'nvt_repeat','4','times'),(9,'nvt_interval','2','seconds'),(10,'notify_email_report','arism.awar@gmail.com; riza.senosoft@gmail.com; rafiftsaqif2010@gmail.com',''),(11,'interval_retry','120','seconds'),(12,'min_rt_ux_index','3','seconds'),(14,'autodelete_after','180','days'),(15,'autodelete_notify','arism.awar@gmail.com; riza.agus.a@gmail.com; rafiftsaqif2010@gmail.com',''),(16,'journey_detail_task_timeout','60','seconds'),(17,'journey_detail_task_wait','0','second'),(18,'app_package','com.apps.MyXL',''),(19,'app_activity','com.myxlultimate.app.ui.view.MainActivity',''),(20,'test_api_app','net.senosoft.android.url',''),(21,'test_api_timeout','5000','ms'),(22,'test_ping_host','d27xr6oh14aaqn.cloudfront.net',''),(23,'test_ping_num_packet_nvt','10','packets'),(24,'test_api_url','https://api.myxl.xlaxiata.co.id/api/core/check-health',''),(25,'test_ping_num_packet_journey','4',''),(26,'screenshot_ext','jpeg',''),(27,'screenshot_path_rel','userfiles/screenshot/monitor_journey_detail',''),(28,'test_api_apk','net.senosoft.android.url.apk',''),(29,'test_api_service','net.senosoft.android.url/.URLService',''),(30,'adb_string_invalid','Invalid',''),(31,'interval_update','5','minutes'),(32,'notify_wa_level_1','6281298085360-1630296446',''),(33,'notify_wa_level_2','6281298085360-1629434444',''),(34,'notify_wa_apikey','C7ZEL5pwPtlSzUeA2Ti6',''),(35,'max_rt_ux_index','12','seconds'),(36,'max_rt_ux_index_power','0.5',''),(37,'min_rt_ux_index_power','1',''),(38,'ios_app_package','com.xl.MyXL.Giant',''),(39,'main_chart_name','XL',''),(40,'main_chart_color','#3366cc',''),(41,'ios_daemon','com.facebook.WebDriverAgentRunner.xctrunner','');

/*Data for the table `tb_tpl_email` */

insert  into `tb_tpl_email`(`id`,`category`,`tag`,`subject`,`body`) values (1,'user','activation','{[site_short]} - Aktivasi Account','<p>Halo {name},</p>\r\n\r\n<p>Terima kasih telah mendaftar sebagai user portal {[site_title]}. Namun, sebagai bagian dari keamanan dalam sistem kami, Anda harus mengaktifkan account Anda dengan meng-klik link berikut. Jika link tidak aktif, silahkan copy dan paste link tersebut ke dalam address bar browser Anda secara manual. Terima kasih.</p>\r\n\r\n<p>{activation_link}</p>\r\n\r\n<p>&nbsp;</p>\r\n\r\n<p>Salam Kami</p>\r\n\r\n<p>Tim {[site_title]}</p>'),(2,'user','register','{[site_short]} - Pendaftaran User','<p>Dear {name},</p>\r\n\r\n<p>Terima kasih telah mendaftar sebagai user {[site_title]}. Anda dapat menggunakan aplikasi {[site_title]} atau&nbsp;mengakses user area [{login_link}] menggunakan informasi login sebagai berikut.</p>\r\n\r\n<p>Email: {email}<br />\r\nPassword: {password}</p>\r\n\r\n<p>&nbsp;</p>\r\n\r\n<p>Salam Kami</p>\r\n\r\n<p>Tim {[site_title]}</p>'),(3,'user','link_reset_pass','{[site_short]} - Link Reset Password','<p>Dear {name},</p>\r\n\r\n<p>Untuk mereset password Anda, silahkan klik link berikut. Jika link tersebut tidak aktif, silahkan copy dan paste link tersebut pada address bar browser Anda. Terima kasih.</p>\r\n\r\n<p>{reset_link}</p>\r\n\r\n<p>&nbsp;</p>\r\n\r\n<p>Salam Kami</p>\r\n\r\n<p>Tim {[site_title]}</p>'),(4,'user','reset_pass_ok','{[site_short]} - Reset Password Berhasil','<p>Halo {name},</p>\r\n\r\n<p>Anda telah berhasil mengubah password Anda. Anda dapat mengakses user area Anda melalui {login_link} menggunakan informasi login sebagai berikut.</p>\r\n\r\n<p>Email: {email}<br />\r\nPassword: {password}</p>\r\n\r\n<p>&nbsp;</p>\r\n\r\n<p>Best Regard</p>\r\n\r\n<p>Tim {[site_title]}</p>'),(5,'booking','user_order_package','{[site_short]} - Pemesanan Paket Tour','<p>Dear {name},</p>\r\n\r\n<p>Terima kasih telah memesan paket tour {package_name} di Tim {[site_title]}. Anda dapat melanjutkan dengan pembayaran pemesanan tersebut melalui <a href=\"{payment_link}\">{payment_link}</a></p>\r\n\r\n<p>&nbsp;</p>\r\n\r\n<p>Salam Kami</p>\r\n\r\n<p>Tim {[site_title]}</p>'),(6,'booking','admin_order_package','{[site_short]} - Pemesanan Paket Tour','<p>Detail pemesanan:</p>\r\n\r\n<ul>\r\n	<li>Member : {user_name} ({user_email})</li>\r\n	<li>Nama Paket : {package_name}</li>\r\n	<li>Jumlah dewasa : {num_adult}</li>\r\n	<li>Jumlah anak-anak : {num_child}</li>\r\n	<li>Total biaya : {total}</li>\r\n</ul>\r\n\r\n<p>Buka link ini untuk mengaturnya: <a href=\"{adminorder_link}\">{adminorder_link}</a></p>'),(7,'booking','user_order_payment','{[site_short]} - Pembayaran Pemesanan','<p>Dear {name},</p>\r\n\r\n<p>Terima kasih telah melakukan pembayaran pemesanan {type_name}. Pembayaran Anda akan segera ditinjau oleh bagian billing kami untuk keabsahan dan approval. Untuk melihat status pembayaran Anda, silahkan mengecek melalui <a href=\"{payment_link}\">{payment_link}</a>.</p>\r\n\r\n<p>&nbsp;</p>\r\n\r\n<p>Salam Kami</p>\r\n\r\n<p>Tim {[site_title]}</p>'),(8,'booking','admin_order_payment','{[site_short]} - Pembayaran Pemesanan','<p>Pembayaran telah dibuat oleh {user_name} ({user_email}) untuk pemesanan {type_name}. Untuk meninjaunya, silahkan klik link berikut:</p>\r\n\r\n<p><a href=\"{adminorderpayment_link}\">{adminorderpayment_link}</a></p>'),(9,'booking','user_order_payment_approved','{[site_short]} - Pembayaran Diterima','<p>Dear {name},</p>\r\n\r\n<p>Pembayaran pemesanan {type_name} telah ditinjau dan diapprove (diterima) oleh bagian billing kami. Untuk melihat status pembayaran Anda, silahkan mengecek melalui <a href=\"{payment_link}\">{payment_link}</a>.</p>\r\n\r\n<p>&nbsp;</p>\r\n\r\n<p>Salam Kami</p>\r\n\r\n<p>Tim {[site_title]}</p>'),(10,'booking','user_order_payment_rejected','{[site_short]} - Pembayaran Ditolak','<p>Dear {name},</p>\r\n\r\n<p>Pembayaran pemesanan {type_name} telah ditinjau oleh bagian billing kami. Namun, kami memohon maaf karena pembayaran Anda tidak dapat kami approve (terima). Untuk verifikasi silahkan menghubungi kami secepatnya. Untuk melihat status pembayaran Anda, silahkan mengecek melalui <a href=\"{payment_link}\">{payment_link}</a>.</p>\r\n\r\n<p>&nbsp;</p>\r\n\r\n<p>Salam Kami</p>\r\n\r\n<p>Tim {[site_title]}</p>'),(11,'booking','user_order_approved','{[site_short]} - Pemesanan Approved','<p>Dear {name},</p>\r\n\r\n<p>Pembayaran Anda untuk pemesanan {type_name} telah lunas. Untuk melihat status pemesanan tersebut, silahkan mengecek melalui <a href=\"{order_link}\">{order_link}</a>. Terima kasih telah bekerja sama dengan kami.</p>\r\n\r\n<p>&nbsp;</p>\r\n\r\n<p>Salam Kami</p>\r\n\r\n<p>Tim {[site_title]}</p>'),(12,'Register','register_package_admin','{[site_short]} - Pendaftaran Paket Tour','<p>Data pendaftaran paket tour melalui website {[site_title]}</p>\r\n\r\n<table border=\"0\" cellpadding=\"1\" cellspacing=\"1\" style=\"width: 500px;\">\r\n	<tbody>\r\n		<tr>\r\n			<td>Nama</td>\r\n			<td>: {name}</td>\r\n		</tr>\r\n		<tr>\r\n			<td>No HP</td>\r\n			<td>: {phone}</td>\r\n		</tr>\r\n		<tr>\r\n			<td>Email</td>\r\n			<td>: {email}</td>\r\n		</tr>\r\n		<tr>\r\n			<td>Lokasi/Kota</td>\r\n			<td>: {city}</td>\r\n		</tr>\r\n		<tr>\r\n			<td>Paket Tour</td>\r\n			<td>: {package}</td>\r\n		</tr>\r\n	</tbody>\r\n</table>\r\n\r\n<p>&nbsp;</p>'),(13,'Contact','contact_admin','{[site_short]} - Pertanyaan Pengunjung','<p>Pertanyaan dari pengunjung website {[site_title]}</p>\r\n\r\n<table border=\"0\" cellpadding=\"1\" cellspacing=\"1\" style=\"width: 500px;\">\r\n	<tbody>\r\n		<tr>\r\n			<td style=\"vertical-align:top\">Nama</td>\r\n			<td style=\"vertical-align:top\" width=\"1px\">:&nbsp;</td>\r\n			<td style=\"vertical-align:top\">{name}</td>\r\n		</tr>\r\n		<tr>\r\n			<td style=\"vertical-align:top\">No HP</td>\r\n			<td style=\"vertical-align:top\" width=\"1px\">:&nbsp;</td>\r\n			<td style=\"vertical-align:top\">{phone}</td>\r\n		</tr>\r\n		<tr>\r\n			<td style=\"vertical-align:top\">Email</td>\r\n			<td style=\"vertical-align:top\" width=\"1px\">:&nbsp;</td>\r\n			<td style=\"vertical-align:top\">{email}</td>\r\n		</tr>\r\n		<tr>\r\n			<td style=\"vertical-align:top\">Pertanyaan</td>\r\n			<td style=\"vertical-align:top\" width=\"1px\">:&nbsp;</td>\r\n			<td style=\"vertical-align:top\">{message}</td>\r\n		</tr>\r\n	</tbody>\r\n</table>\r\n\r\n<p>&nbsp;</p>'),(14,'Register','subscribe_admin','{[site_short]} - Langganan Newsletter','<p>Data berlangganan newsletter melalui website {[site_title]}</p>\r\n\r\n<table border=\"0\" cellpadding=\"1\" cellspacing=\"1\" style=\"width: 500px;\">\r\n	<tbody>\r\n		<tr>\r\n			<td>Nama</td>\r\n			<td>: {name}</td>\r\n		</tr>\r\n		<tr>\r\n			<td>Email</td>\r\n			<td>: {email}</td>\r\n		</tr>\r\n		<tr>\r\n			<td>No HP</td>\r\n			<td>: {phone}</td>\r\n		</tr>\r\n	</tbody>\r\n</table>\r\n\r\n<p>&nbsp;</p>'),(15,'Register','tour_planning_admin','{[site_short]} - Permintaan Tour Planning','<p>Data permintaan tour planning melalui website {[site_title]}</p>\r\n\r\n<table border=\"0\" cellpadding=\"1\" cellspacing=\"1\" style=\"width: 500px;\">\r\n	<tbody>\r\n		<tr>\r\n			<td>Nama</td>\r\n			<td>: {name}</td>\r\n		</tr>\r\n		<tr>\r\n			<td>Email</td>\r\n			<td>: {email}</td>\r\n		</tr>\r\n		<tr>\r\n			<td>No HP</td>\r\n			<td>: {phone}</td>\r\n		</tr>\r\n		<tr>\r\n			<td>Alamat</td>\r\n			<td>: {address}</td>\r\n		</tr>\r\n		<tr>\r\n			<td>Jumlah Dewasa</td>\r\n			<td>: {num_adult}</td>\r\n		</tr>\r\n		<tr>\r\n			<td>Jumlah Anak-anak</td>\r\n			<td>: {num_child}</td>\r\n		</tr>\r\n		<tr>\r\n			<td>Jumlah Bayi</td>\r\n			<td>: {num_infant}</td>\r\n		</tr>\r\n		<tr>\r\n			<td>Tanggal Awal</td>\r\n			<td>: {date_start}</td>\r\n		</tr>\r\n		<tr>\r\n			<td>Tanggal Akhir</td>\r\n			<td>: {date_end}</td>\r\n		</tr>\r\n		<tr>\r\n			<td>Tour Planning</td>\r\n			<td>: {message}</td>\r\n		</tr>\r\n	</tbody>\r\n</table>\r\n\r\n<p>&nbsp;</p>'),(16,'room','room_email','{incident_type}: {severity}#{ticket} - {subject} {status}','<p>{incident_type}: {severity}#{ticket} - {subject} {status}</p>');

/*Data for the table `tb_tpl_message` */

insert  into `tb_tpl_message`(`id`,`tag`,`title`,`body`) values (1,'login_no_admin_access','Untitled','<p>Anda tidak memiliki akses administrator</p>'),(2,'login_failed','Untitled','<p>Username dan password tidak sesuai atau mungkin Anda belum mempunyai account.</p>');

/*Data for the table `tb_user` */

insert  into `tb_user`(`id`,`username`,`email`,`name`,`phone`,`whatsapp`,`address`,`password`,`usertype`,`userrole`,`status`,`picture`,`fb_uid`,`g_uid`,`registerDate`,`lastvisitDate`,`scode`,`need_refresh`) values (1,'superadmin','superadmin@localhost.com','Super Administrator','','','','3yv3z74jr48l4a342f47i3zl49745l',1,'app_developer',1,NULL,'','','2018-12-12 23:45:09','2022-03-26 07:36:48','',1),(2,'admin','admin@localhost.com','Administrator','','','','41h3yt4lr48p437427429',2,'app_developer',1,NULL,'','','2018-12-12 23:40:46','2021-02-21 23:33:16','',1),(12,'APMXL','','APMXL','','','','40f3z44lj4654674274203zm48g',3,'app_support',1,NULL,'','','2022-01-15 08:57:05','2022-01-30 17:48:54','',1),(11,'NQM3','','NQM3','','','','41f3ys44n41x433427429',3,'app_support',1,NULL,'','','2022-01-15 08:56:16',NULL,'',1),(10,'NQM2','','NQM2','','','','41f3ys44n41x433427426',3,'app_support',1,NULL,'','','2022-01-15 08:55:11',NULL,'',1),(9,'NQM1','','NQM1','','','','41f3ys44n41x433427423',3,'app_support',1,NULL,'','','2022-01-15 08:53:29','2022-01-30 17:32:46','',1);

/*Data for the table `tb_userrole` */

insert  into `tb_userrole`(`id`,`name`,`tag`) values ('app_developer','Apps Developer','0'),('app_installer','Apps Installer','0'),('app_support','Apps Support','0');

/*Data for the table `tb_usertype` */

insert  into `tb_usertype`(`id`,`name`,`template`,`menu`,`published`) values (1,'Super Administrator','admin','superadmin',1),(2,'Administrator','admin','admin',1),(3,'Member','user','user',1);

/*!40101 SET SQL_MODE=@OLD_SQL_MODE */;
/*!40014 SET FOREIGN_KEY_CHECKS=@OLD_FOREIGN_KEY_CHECKS */;
/*!40014 SET UNIQUE_CHECKS=@OLD_UNIQUE_CHECKS */;
/*!40111 SET SQL_NOTES=@OLD_SQL_NOTES */;
